semanticCaseId,taskId,baseTaskId,conditionsApplicable,initialStateFixture,sourceRuleIds,sourceShapes,materializationStatus
CASE-TRANSF-VALID-001,G3,G3,"A,B,C,D",baseline-valid-data.jsonld,Regra-Transf-EstadoValido;Regra-Transf-Segregacao;Regra-Transf-LotacaoDestino,ex:TransferenciaShape;ex:TransferenciaCompatibilidadeOrganizacionalShape,MATERIALIZED_EXPERIMENT_TASK
CASE-TRANSF-VALID-002,G4,G4,"A,B,C,D",baseline-valid-data.jsonld,Regra-Transf-EstadoValido;Regra-Transf-Segregacao;Regra-Transf-LotacaoDestino,ex:TransferenciaShape;ex:TransferenciaCompatibilidadeOrganizacionalShape,MATERIALIZED_EXPERIMENT_TASK
CASE-TRANSF-VALID-003,G5,G5,"A,B,C,D",baseline-valid-data.jsonld,Regra-Transf-EstadoValido;Regra-Transf-Segregacao;Regra-Transf-LotacaoDestino,ex:TransferenciaShape;ex:TransferenciaCompatibilidadeOrganizacionalShape,MATERIALIZED_EXPERIMENT_TASK
CASE-TRANSF-VALID-004,G6,G6,"A,B,C,D",baseline-valid-data.jsonld,Regra-Transf-EstadoValido;Regra-Transf-Segregacao;Regra-Transf-LotacaoDestino,ex:TransferenciaShape;ex:TransferenciaCompatibilidadeOrganizacionalShape,MATERIALIZED_EXPERIMENT_TASK
CASE-TRANSF-VALID-005,CHAL-VAL-001,CHAL-VAL-001,ENFORCEMENT_CHALLENGE,validation-valid-fixtures.jsonld,Regra-Transf-EstadoValido;Regra-Transf-Segregacao;Regra-Transf-LotacaoDestino,ex:TransferenciaShape;ex:TransferenciaCompatibilidadeOrganizacionalShape,MATERIALIZED_ENFORCEMENT_CHALLENGE
CASE-TRANSF-VALID-006,CHAL-VAL-002,CHAL-VAL-002,ENFORCEMENT_CHALLENGE,validation-valid-fixtures.jsonld,Regra-Transf-EstadoValido;Regra-Transf-Segregacao;Regra-Transf-LotacaoDestino,ex:TransferenciaShape;ex:TransferenciaCompatibilidadeOrganizacionalShape,MATERIALIZED_ENFORCEMENT_CHALLENGE
CASE-TRANSF-VALID-007,CHAL-VAL-003,CHAL-VAL-003,ENFORCEMENT_CHALLENGE,validation-valid-fixtures.jsonld,Regra-Transf-EstadoValido;Regra-Transf-Segregacao;Regra-Transf-LotacaoDestino,ex:TransferenciaShape;ex:TransferenciaCompatibilidadeOrganizacionalShape,MATERIALIZED_ENFORCEMENT_CHALLENGE
CASE-TRANSF-VALID-008,CHAL-VAL-004,CHAL-VAL-004,ENFORCEMENT_CHALLENGE,validation-valid-fixtures.jsonld,Regra-Transf-EstadoValido;Regra-Transf-Segregacao;Regra-Transf-LotacaoDestino,ex:TransferenciaShape;ex:TransferenciaCompatibilidadeOrganizacionalShape,MATERIALIZED_ENFORCEMENT_CHALLENGE
CASE-TRANSF-VALID-009,CHAL-VAL-005,CHAL-VAL-005,ENFORCEMENT_CHALLENGE,validation-valid-fixtures.jsonld,Regra-Transf-EstadoValido;Regra-Transf-Segregacao;Regra-Transf-LotacaoDestino,ex:TransferenciaShape;ex:TransferenciaCompatibilidadeOrganizacionalShape,MATERIALIZED_ENFORCEMENT_CHALLENGE
CASE-TRANSF-VALID-010,CHAL-VAL-006,CHAL-VAL-006,ENFORCEMENT_CHALLENGE,validation-valid-fixtures.jsonld,Regra-Transf-EstadoValido;Regra-Transf-Segregacao;Regra-Transf-LotacaoDestino,ex:TransferenciaShape;ex:TransferenciaCompatibilidadeOrganizacionalShape,MATERIALIZED_ENFORCEMENT_CHALLENGE
CASE-TRANSF-VALID-011,CHAL-VAL-007,CHAL-VAL-007,ENFORCEMENT_CHALLENGE,validation-valid-fixtures.jsonld,Regra-Transf-EstadoValido;Regra-Transf-Segregacao;Regra-Transf-LotacaoDestino,ex:TransferenciaShape;ex:TransferenciaCompatibilidadeOrganizacionalShape,MATERIALIZED_ENFORCEMENT_CHALLENGE
CASE-TRANSF-VALID-012,CHAL-VAL-008,CHAL-VAL-008,ENFORCEMENT_CHALLENGE,validation-valid-fixtures.jsonld,Regra-Transf-EstadoValido;Regra-Transf-Segregacao;Regra-Transf-LotacaoDestino,ex:TransferenciaShape;ex:TransferenciaCompatibilidadeOrganizacionalShape,MATERIALIZED_ENFORCEMENT_CHALLENGE
CASE-TRANSF-VALID-013,CHAL-VAL-009,CHAL-VAL-009,ENFORCEMENT_CHALLENGE,validation-valid-fixtures.jsonld,Regra-Transf-EstadoValido;Regra-Transf-Segregacao;Regra-Transf-LotacaoDestino,ex:TransferenciaShape;ex:TransferenciaCompatibilidadeOrganizacionalShape,MATERIALIZED_ENFORCEMENT_CHALLENGE
CASE-TRANSF-VALID-014,CHAL-VAL-010,CHAL-VAL-010,ENFORCEMENT_CHALLENGE,validation-valid-fixtures.jsonld,Regra-Transf-EstadoValido;Regra-Transf-Segregacao;Regra-Transf-LotacaoDestino,ex:TransferenciaShape;ex:TransferenciaCompatibilidadeOrganizacionalShape,MATERIALIZED_ENFORCEMENT_CHALLENGE
CASE-TRANSF-VALID-015,CHAL-VAL-011,CHAL-VAL-011,ENFORCEMENT_CHALLENGE,validation-valid-fixtures.jsonld,Regra-Transf-EstadoValido;Regra-Transf-Segregacao;Regra-Transf-LotacaoDestino,ex:TransferenciaShape;ex:TransferenciaCompatibilidadeOrganizacionalShape,MATERIALIZED_ENFORCEMENT_CHALLENGE
CASE-TRANSF-VALID-016,CHAL-VAL-012,CHAL-VAL-012,ENFORCEMENT_CHALLENGE,validation-valid-fixtures.jsonld,Regra-Transf-EstadoValido;Regra-Transf-Segregacao;Regra-Transf-LotacaoDestino,ex:TransferenciaShape;ex:TransferenciaCompatibilidadeOrganizacionalShape,MATERIALIZED_ENFORCEMENT_CHALLENGE
CASE-TRANSF-VALID-017,CHAL-VAL-013,CHAL-VAL-013,ENFORCEMENT_CHALLENGE,validation-valid-fixtures.jsonld,Regra-Transf-EstadoValido;Regra-Transf-Segregacao;Regra-Transf-LotacaoDestino,ex:TransferenciaShape;ex:TransferenciaCompatibilidadeOrganizacionalShape,MATERIALIZED_ENFORCEMENT_CHALLENGE
CASE-TRANSF-VALID-018,CHAL-VAL-014,CHAL-VAL-014,ENFORCEMENT_CHALLENGE,validation-valid-fixtures.jsonld,Regra-Transf-EstadoValido;Regra-Transf-Segregacao;Regra-Transf-LotacaoDestino,ex:TransferenciaShape;ex:TransferenciaCompatibilidadeOrganizacionalShape,MATERIALIZED_ENFORCEMENT_CHALLENGE
CASE-TRANSF-VALID-019,CHAL-VAL-015,CHAL-VAL-015,ENFORCEMENT_CHALLENGE,validation-valid-fixtures.jsonld,Regra-Transf-EstadoValido;Regra-Transf-Segregacao;Regra-Transf-LotacaoDestino,ex:TransferenciaShape;ex:TransferenciaCompatibilidadeOrganizacionalShape,MATERIALIZED_ENFORCEMENT_CHALLENGE
CASE-TRANSF-VALID-020,CHAL-VAL-016,CHAL-VAL-016,ENFORCEMENT_CHALLENGE,validation-valid-fixtures.jsonld,Regra-Transf-EstadoValido;Regra-Transf-Segregacao;Regra-Transf-LotacaoDestino,ex:TransferenciaShape;ex:TransferenciaCompatibilidadeOrganizacionalShape,MATERIALIZED_ENFORCEMENT_CHALLENGE
CASE-TRANSF-VALID-021,CHAL-VAL-017,CHAL-VAL-017,ENFORCEMENT_CHALLENGE,validation-valid-fixtures.jsonld,Regra-Transf-EstadoValido;Regra-Transf-Segregacao;Regra-Transf-LotacaoDestino,ex:TransferenciaShape;ex:TransferenciaCompatibilidadeOrganizacionalShape,MATERIALIZED_ENFORCEMENT_CHALLENGE
CASE-TRANSF-VALID-022,CHAL-VAL-018,CHAL-VAL-018,ENFORCEMENT_CHALLENGE,validation-valid-fixtures.jsonld,Regra-Transf-EstadoValido;Regra-Transf-Segregacao;Regra-Transf-LotacaoDestino,ex:TransferenciaShape;ex:TransferenciaCompatibilidadeOrganizacionalShape,MATERIALIZED_ENFORCEMENT_CHALLENGE
CASE-TRANSF-VALID-023,CHAL-VAL-019,CHAL-VAL-019,ENFORCEMENT_CHALLENGE,validation-valid-fixtures.jsonld,Regra-Transf-EstadoValido;Regra-Transf-Segregacao;Regra-Transf-LotacaoDestino,ex:TransferenciaShape;ex:TransferenciaCompatibilidadeOrganizacionalShape,MATERIALIZED_ENFORCEMENT_CHALLENGE
CASE-TRANSF-VALID-024,CHAL-VAL-020,CHAL-VAL-020,ENFORCEMENT_CHALLENGE,validation-valid-fixtures.jsonld,Regra-Transf-EstadoValido;Regra-Transf-Segregacao;Regra-Transf-LotacaoDestino,ex:TransferenciaShape;ex:TransferenciaCompatibilidadeOrganizacionalShape,MATERIALIZED_ENFORCEMENT_CHALLENGE
CASE-TRANSF-VALID-025,CHAL-VAL-021,CHAL-VAL-021,ENFORCEMENT_CHALLENGE,validation-valid-fixtures.jsonld,Regra-Transf-EstadoValido;Regra-Transf-Segregacao;Regra-Transf-LotacaoDestino,ex:TransferenciaShape;ex:TransferenciaCompatibilidadeOrganizacionalShape,MATERIALIZED_ENFORCEMENT_CHALLENGE
CASE-TRANSF-VALID-026,CHAL-VAL-022,CHAL-VAL-022,ENFORCEMENT_CHALLENGE,validation-valid-fixtures.jsonld,Regra-Transf-EstadoValido;Regra-Transf-Segregacao;Regra-Transf-LotacaoDestino,ex:TransferenciaShape;ex:TransferenciaCompatibilidadeOrganizacionalShape,MATERIALIZED_ENFORCEMENT_CHALLENGE
CASE-TRANSF-VALID-027,CHAL-VAL-023,CHAL-VAL-023,ENFORCEMENT_CHALLENGE,validation-valid-fixtures.jsonld,Regra-Transf-EstadoValido;Regra-Transf-Segregacao;Regra-Transf-LotacaoDestino,ex:TransferenciaShape;ex:TransferenciaCompatibilidadeOrganizacionalShape,MATERIALIZED_ENFORCEMENT_CHALLENGE
CASE-TRANSF-VALID-028,CHAL-VAL-024,CHAL-VAL-024,ENFORCEMENT_CHALLENGE,validation-valid-fixtures.jsonld,Regra-Transf-EstadoValido;Regra-Transf-Segregacao;Regra-Transf-LotacaoDestino,ex:TransferenciaShape;ex:TransferenciaCompatibilidadeOrganizacionalShape,MATERIALIZED_ENFORCEMENT_CHALLENGE
CASE-TRANSF-VALID-029,CHAL-VAL-025,CHAL-VAL-025,ENFORCEMENT_CHALLENGE,validation-valid-fixtures.jsonld,Regra-Transf-EstadoValido;Regra-Transf-Segregacao;Regra-Transf-LotacaoDestino,ex:TransferenciaShape;ex:TransferenciaCompatibilidadeOrganizacionalShape,MATERIALIZED_ENFORCEMENT_CHALLENGE
CASE-TRANSF-VALID-030,CHAL-VAL-026,CHAL-VAL-026,ENFORCEMENT_CHALLENGE,validation-valid-fixtures.jsonld,Regra-Transf-EstadoValido;Regra-Transf-Segregacao;Regra-Transf-LotacaoDestino,ex:TransferenciaShape;ex:TransferenciaCompatibilidadeOrganizacionalShape,MATERIALIZED_ENFORCEMENT_CHALLENGE
CASE-TRANSF-VALID-031,CHAL-VAL-027,CHAL-VAL-027,ENFORCEMENT_CHALLENGE,validation-valid-fixtures.jsonld,Regra-Transf-EstadoValido;Regra-Transf-Segregacao;Regra-Transf-LotacaoDestino,ex:TransferenciaShape;ex:TransferenciaCompatibilidadeOrganizacionalShape,MATERIALIZED_ENFORCEMENT_CHALLENGE
CASE-TRANSF-VALID-032,CHAL-VAL-028,CHAL-VAL-028,ENFORCEMENT_CHALLENGE,validation-valid-fixtures.jsonld,Regra-Transf-EstadoValido;Regra-Transf-Segregacao;Regra-Transf-LotacaoDestino,ex:TransferenciaShape;ex:TransferenciaCompatibilidadeOrganizacionalShape,MATERIALIZED_ENFORCEMENT_CHALLENGE
CASE-TRANSF-VALID-033,CHAL-VAL-029,CHAL-VAL-029,ENFORCEMENT_CHALLENGE,validation-valid-fixtures.jsonld,Regra-Transf-EstadoValido;Regra-Transf-Segregacao;Regra-Transf-LotacaoDestino,ex:TransferenciaShape;ex:TransferenciaCompatibilidadeOrganizacionalShape,MATERIALIZED_ENFORCEMENT_CHALLENGE
CASE-TRANSF-VALID-034,CHAL-VAL-030,CHAL-VAL-030,ENFORCEMENT_CHALLENGE,validation-valid-fixtures.jsonld,Regra-Transf-EstadoValido;Regra-Transf-Segregacao;Regra-Transf-LotacaoDestino,ex:TransferenciaShape;ex:TransferenciaCompatibilidadeOrganizacionalShape,MATERIALIZED_ENFORCEMENT_CHALLENGE
CASE-TRANSF-VALID-035,CHAL-VAL-031,CHAL-VAL-031,ENFORCEMENT_CHALLENGE,validation-valid-fixtures.jsonld,Regra-Transf-EstadoValido;Regra-Transf-Segregacao;Regra-Transf-LotacaoDestino,ex:TransferenciaShape;ex:TransferenciaCompatibilidadeOrganizacionalShape,MATERIALIZED_ENFORCEMENT_CHALLENGE
CASE-TRANSF-VALID-036,CHAL-VAL-032,CHAL-VAL-032,ENFORCEMENT_CHALLENGE,validation-valid-fixtures.jsonld,Regra-Transf-EstadoValido;Regra-Transf-Segregacao;Regra-Transf-LotacaoDestino,ex:TransferenciaShape;ex:TransferenciaCompatibilidadeOrganizacionalShape,MATERIALIZED_ENFORCEMENT_CHALLENGE
CASE-TRANSF-VALID-037,CHAL-VAL-033,CHAL-VAL-033,ENFORCEMENT_CHALLENGE,validation-valid-fixtures.jsonld,Regra-Transf-EstadoValido;Regra-Transf-Segregacao;Regra-Transf-LotacaoDestino,ex:TransferenciaShape;ex:TransferenciaCompatibilidadeOrganizacionalShape,MATERIALIZED_ENFORCEMENT_CHALLENGE
CASE-TRANSF-VALID-038,CHAL-VAL-034,CHAL-VAL-034,ENFORCEMENT_CHALLENGE,validation-valid-fixtures.jsonld,Regra-Transf-EstadoValido;Regra-Transf-Segregacao;Regra-Transf-LotacaoDestino,ex:TransferenciaShape;ex:TransferenciaCompatibilidadeOrganizacionalShape,MATERIALIZED_ENFORCEMENT_CHALLENGE
CASE-TRANSF-VALID-039,CHAL-VAL-035,CHAL-VAL-035,ENFORCEMENT_CHALLENGE,validation-valid-fixtures.jsonld,Regra-Transf-EstadoValido;Regra-Transf-Segregacao;Regra-Transf-LotacaoDestino,ex:TransferenciaShape;ex:TransferenciaCompatibilidadeOrganizacionalShape,MATERIALIZED_ENFORCEMENT_CHALLENGE
CASE-TRANSF-VALID-040,CHAL-VAL-036,CHAL-VAL-036,ENFORCEMENT_CHALLENGE,validation-valid-fixtures.jsonld,Regra-Transf-EstadoValido;Regra-Transf-Segregacao;Regra-Transf-LotacaoDestino,ex:TransferenciaShape;ex:TransferenciaCompatibilidadeOrganizacionalShape,MATERIALIZED_ENFORCEMENT_CHALLENGE
CASE-TRANSF-INVALID-001,V1,V1,"A,B,C,D",baseline-valid-data.jsonld,Regra-Restricao-Transferencia,ex:TransferenciaShape,MATERIALIZED_EXPERIMENT_TASK
CASE-TRANSF-INVALID-002,V3,V3,"A,B,C,D",baseline-valid-data.jsonld,Regra-Restricao-Transferencia,ex:TransferenciaShape,MATERIALIZED_EXPERIMENT_TASK
CASE-TRANSF-INVALID-003,V5,V5,"A,B,C,D",baseline-valid-data.jsonld,Regra-Restricao-Transferencia,ex:TransferenciaCompatibilidadeOrganizacionalShape,MATERIALIZED_EXPERIMENT_TASK
CASE-TRANSF-INVALID-004,V9,V9,"A,B,C,D",baseline-valid-data.jsonld,Regra-Restricao-Transferencia,ex:TransferenciaShape,MATERIALIZED_EXPERIMENT_TASK
CASE-TRANSF-INVALID-005,V10,V10,"A,B,C,D",baseline-valid-data.jsonld,Regra-Restricao-Transferencia,ex:TransferenciaShape,MATERIALIZED_EXPERIMENT_TASK
CASE-TRANSF-INVALID-006,V11,V11,"A,B,C,D",baseline-valid-data.jsonld,Regra-Restricao-Transferencia,ex:TransferenciaShape,MATERIALIZED_EXPERIMENT_TASK
CASE-TRANSF-INVALID-007,V12,V12,"A,B,C,D",baseline-valid-data.jsonld,Regra-Restricao-Transferencia,ex:TransferenciaCompatibilidadeOrganizacionalShape,MATERIALIZED_EXPERIMENT_TASK
CASE-TRANSF-INVALID-008,V13,V13,"A,B,C,D",baseline-valid-data.jsonld,Regra-Restricao-Transferencia,ex:TransferenciaShape,MATERIALIZED_EXPERIMENT_TASK
CASE-TRANSF-INVALID-009,V14,V14,"A,B,C,D",baseline-valid-data.jsonld,Regra-Restricao-Transferencia,ex:TransferenciaShape,MATERIALIZED_EXPERIMENT_TASK
CASE-TRANSF-INVALID-010,CHAL-INVAL-001,CHAL-INVAL-001,ENFORCEMENT_CHALLENGE,validation-invalid-fixtures.jsonld,Regra-Restricao-Transferencia,ex:TransferenciaShape,MATERIALIZED_ENFORCEMENT_CHALLENGE
CASE-TRANSF-INVALID-011,CHAL-INVAL-002,CHAL-INVAL-002,ENFORCEMENT_CHALLENGE,validation-invalid-fixtures.jsonld,Regra-Restricao-Transferencia,ex:TransferenciaCompatibilidadeOrganizacionalShape,MATERIALIZED_ENFORCEMENT_CHALLENGE
CASE-TRANSF-INVALID-012,CHAL-INVAL-003,CHAL-INVAL-003,ENFORCEMENT_CHALLENGE,validation-invalid-fixtures.jsonld,Regra-Restricao-Transferencia,ex:TransferenciaShape,MATERIALIZED_ENFORCEMENT_CHALLENGE
CASE-TRANSF-INVALID-013,CHAL-INVAL-004,CHAL-INVAL-004,ENFORCEMENT_CHALLENGE,validation-invalid-fixtures.jsonld,Regra-Restricao-Transferencia,ex:TransferenciaShape,MATERIALIZED_ENFORCEMENT_CHALLENGE
CASE-TRANSF-INVALID-014,CHAL-INVAL-005,CHAL-INVAL-005,ENFORCEMENT_CHALLENGE,validation-invalid-fixtures.jsonld,Regra-Restricao-Transferencia,ex:TransferenciaShape,MATERIALIZED_ENFORCEMENT_CHALLENGE
CASE-TRANSF-INVALID-015,CHAL-INVAL-006,CHAL-INVAL-006,ENFORCEMENT_CHALLENGE,validation-invalid-fixtures.jsonld,Regra-Restricao-Transferencia,ex:TransferenciaCompatibilidadeOrganizacionalShape,MATERIALIZED_ENFORCEMENT_CHALLENGE
CASE-TRANSF-INVALID-016,CHAL-INVAL-007,CHAL-INVAL-007,ENFORCEMENT_CHALLENGE,validation-invalid-fixtures.jsonld,Regra-Restricao-Transferencia,ex:TransferenciaShape,MATERIALIZED_ENFORCEMENT_CHALLENGE
CASE-TRANSF-INVALID-017,CHAL-INVAL-008,CHAL-INVAL-008,ENFORCEMENT_CHALLENGE,validation-invalid-fixtures.jsonld,Regra-Restricao-Transferencia,ex:TransferenciaShape,MATERIALIZED_ENFORCEMENT_CHALLENGE
CASE-TRANSF-INVALID-018,CHAL-INVAL-009,CHAL-INVAL-009,ENFORCEMENT_CHALLENGE,validation-invalid-fixtures.jsonld,Regra-Restricao-Transferencia,ex:TransferenciaShape,MATERIALIZED_ENFORCEMENT_CHALLENGE
CASE-TRANSF-INVALID-019,CHAL-INVAL-010,CHAL-INVAL-010,ENFORCEMENT_CHALLENGE,validation-invalid-fixtures.jsonld,Regra-Restricao-Transferencia,ex:TransferenciaCompatibilidadeOrganizacionalShape,MATERIALIZED_ENFORCEMENT_CHALLENGE
CASE-TRANSF-INVALID-020,CHAL-INVAL-011,CHAL-INVAL-011,ENFORCEMENT_CHALLENGE,validation-invalid-fixtures.jsonld,Regra-Restricao-Transferencia,ex:TransferenciaShape,MATERIALIZED_ENFORCEMENT_CHALLENGE
CASE-TRANSF-INVALID-021,CHAL-INVAL-012,CHAL-INVAL-012,ENFORCEMENT_CHALLENGE,validation-invalid-fixtures.jsonld,Regra-Restricao-Transferencia,ex:TransferenciaShape,MATERIALIZED_ENFORCEMENT_CHALLENGE
CASE-TRANSF-INVALID-022,CHAL-INVAL-013,CHAL-INVAL-013,ENFORCEMENT_CHALLENGE,validation-invalid-fixtures.jsonld,Regra-Restricao-Transferencia,ex:TransferenciaShape,MATERIALIZED_ENFORCEMENT_CHALLENGE
CASE-TRANSF-INVALID-023,CHAL-INVAL-014,CHAL-INVAL-014,ENFORCEMENT_CHALLENGE,validation-invalid-fixtures.jsonld,Regra-Restricao-Transferencia,ex:TransferenciaCompatibilidadeOrganizacionalShape,MATERIALIZED_ENFORCEMENT_CHALLENGE
CASE-TRANSF-INVALID-024,CHAL-INVAL-015,CHAL-INVAL-015,ENFORCEMENT_CHALLENGE,validation-invalid-fixtures.jsonld,Regra-Restricao-Transferencia,ex:TransferenciaShape,MATERIALIZED_ENFORCEMENT_CHALLENGE
CASE-TRANSF-INVALID-025,CHAL-INVAL-016,CHAL-INVAL-016,ENFORCEMENT_CHALLENGE,validation-invalid-fixtures.jsonld,Regra-Restricao-Transferencia,ex:TransferenciaShape,MATERIALIZED_ENFORCEMENT_CHALLENGE
CASE-TRANSF-INVALID-026,CHAL-INVAL-017,CHAL-INVAL-017,ENFORCEMENT_CHALLENGE,validation-invalid-fixtures.jsonld,Regra-Restricao-Transferencia,ex:TransferenciaShape,MATERIALIZED_ENFORCEMENT_CHALLENGE
CASE-TRANSF-INVALID-027,CHAL-INVAL-018,CHAL-INVAL-018,ENFORCEMENT_CHALLENGE,validation-invalid-fixtures.jsonld,Regra-Restricao-Transferencia,ex:TransferenciaCompatibilidadeOrganizacionalShape,MATERIALIZED_ENFORCEMENT_CHALLENGE
CASE-TRANSF-INVALID-028,CHAL-INVAL-019,CHAL-INVAL-019,ENFORCEMENT_CHALLENGE,validation-invalid-fixtures.jsonld,Regra-Restricao-Transferencia,ex:TransferenciaShape,MATERIALIZED_ENFORCEMENT_CHALLENGE
CASE-TRANSF-INVALID-029,CHAL-INVAL-020,CHAL-INVAL-020,ENFORCEMENT_CHALLENGE,validation-invalid-fixtures.jsonld,Regra-Restricao-Transferencia,ex:TransferenciaShape,MATERIALIZED_ENFORCEMENT_CHALLENGE
CASE-TRANSF-INVALID-030,CHAL-INVAL-021,CHAL-INVAL-021,ENFORCEMENT_CHALLENGE,validation-invalid-fixtures.jsonld,Regra-Restricao-Transferencia,ex:TransferenciaShape,MATERIALIZED_ENFORCEMENT_CHALLENGE
CASE-TRANSF-BOUNDARY-001,CHAL-VAL-037,CHAL-VAL-037,ENFORCEMENT_CHALLENGE,validation-valid-fixtures.jsonld,Regra-Fronteira-Estado-Lotacao,,MATERIALIZED_ENFORCEMENT_CHALLENGE
CASE-TRANSF-BOUNDARY-002,CHAL-INVAL-022,CHAL-INVAL-022,ENFORCEMENT_CHALLENGE,validation-invalid-fixtures.jsonld,Regra-Fronteira-Estado-Lotacao,ex:TransferenciaShape,MATERIALIZED_ENFORCEMENT_CHALLENGE
CASE-TRANSF-BOUNDARY-003,CHAL-VAL-038,CHAL-VAL-038,ENFORCEMENT_CHALLENGE,validation-valid-fixtures.jsonld,Regra-Fronteira-Estado-Lotacao,,MATERIALIZED_ENFORCEMENT_CHALLENGE
CASE-TRANSF-BOUNDARY-004,CHAL-INVAL-023,CHAL-INVAL-023,ENFORCEMENT_CHALLENGE,validation-invalid-fixtures.jsonld,Regra-Fronteira-Estado-Lotacao,ex:TransferenciaShape,MATERIALIZED_ENFORCEMENT_CHALLENGE
CASE-TRANSF-BOUNDARY-005,CHAL-VAL-039,CHAL-VAL-039,ENFORCEMENT_CHALLENGE,validation-valid-fixtures.jsonld,Regra-Fronteira-Estado-Lotacao,,MATERIALIZED_ENFORCEMENT_CHALLENGE
CASE-TRANSF-BOUNDARY-006,CHAL-INVAL-024,CHAL-INVAL-024,ENFORCEMENT_CHALLENGE,validation-invalid-fixtures.jsonld,Regra-Fronteira-Estado-Lotacao,ex:TransferenciaShape,MATERIALIZED_ENFORCEMENT_CHALLENGE
CASE-TRANSF-BOUNDARY-007,CHAL-VAL-040,CHAL-VAL-040,ENFORCEMENT_CHALLENGE,validation-valid-fixtures.jsonld,Regra-Fronteira-Estado-Lotacao,,MATERIALIZED_ENFORCEMENT_CHALLENGE
CASE-TRANSF-BOUNDARY-008,CHAL-INVAL-025,CHAL-INVAL-025,ENFORCEMENT_CHALLENGE,validation-invalid-fixtures.jsonld,Regra-Fronteira-Estado-Lotacao,ex:TransferenciaShape,MATERIALIZED_ENFORCEMENT_CHALLENGE
CASE-TRANSF-BOUNDARY-009,CHAL-VAL-041,CHAL-VAL-041,ENFORCEMENT_CHALLENGE,validation-valid-fixtures.jsonld,Regra-Fronteira-Estado-Lotacao,,MATERIALIZED_ENFORCEMENT_CHALLENGE
CASE-TRANSF-BOUNDARY-010,CHAL-INVAL-026,CHAL-INVAL-026,ENFORCEMENT_CHALLENGE,validation-invalid-fixtures.jsonld,Regra-Fronteira-Estado-Lotacao,ex:TransferenciaShape,MATERIALIZED_ENFORCEMENT_CHALLENGE
CASE-TRANSF-BOUNDARY-011,CHAL-VAL-042,CHAL-VAL-042,ENFORCEMENT_CHALLENGE,validation-valid-fixtures.jsonld,Regra-Fronteira-Estado-Lotacao,,MATERIALIZED_ENFORCEMENT_CHALLENGE
CASE-TRANSF-BOUNDARY-012,CHAL-INVAL-027,CHAL-INVAL-027,ENFORCEMENT_CHALLENGE,validation-invalid-fixtures.jsonld,Regra-Fronteira-Estado-Lotacao,ex:TransferenciaShape,MATERIALIZED_ENFORCEMENT_CHALLENGE
CASE-TRANSF-BOUNDARY-013,CHAL-VAL-043,CHAL-VAL-043,ENFORCEMENT_CHALLENGE,validation-valid-fixtures.jsonld,Regra-Fronteira-Estado-Lotacao,,MATERIALIZED_ENFORCEMENT_CHALLENGE
CASE-TRANSF-BOUNDARY-014,CHAL-INVAL-028,CHAL-INVAL-028,ENFORCEMENT_CHALLENGE,validation-invalid-fixtures.jsonld,Regra-Fronteira-Estado-Lotacao,ex:TransferenciaShape,MATERIALIZED_ENFORCEMENT_CHALLENGE
CASE-TRANSF-BOUNDARY-015,CHAL-VAL-044,CHAL-VAL-044,ENFORCEMENT_CHALLENGE,validation-valid-fixtures.jsonld,Regra-Fronteira-Estado-Lotacao,,MATERIALIZED_ENFORCEMENT_CHALLENGE
CASE-TRANSF-BOUNDARY-016,CHAL-INVAL-029,CHAL-INVAL-029,ENFORCEMENT_CHALLENGE,validation-invalid-fixtures.jsonld,Regra-Fronteira-Estado-Lotacao,ex:TransferenciaShape,MATERIALIZED_ENFORCEMENT_CHALLENGE
CASE-TRANSF-BOUNDARY-017,CHAL-VAL-045,CHAL-VAL-045,ENFORCEMENT_CHALLENGE,validation-valid-fixtures.jsonld,Regra-Fronteira-Estado-Lotacao,,MATERIALIZED_ENFORCEMENT_CHALLENGE
CASE-TRANSF-BOUNDARY-018,CHAL-INVAL-030,CHAL-INVAL-030,ENFORCEMENT_CHALLENGE,validation-invalid-fixtures.jsonld,Regra-Fronteira-Estado-Lotacao,ex:TransferenciaShape,MATERIALIZED_ENFORCEMENT_CHALLENGE
CASE-TRANSF-BOUNDARY-019,CHAL-VAL-046,CHAL-VAL-046,ENFORCEMENT_CHALLENGE,validation-valid-fixtures.jsonld,Regra-Fronteira-Estado-Lotacao,,MATERIALIZED_ENFORCEMENT_CHALLENGE
CASE-TRANSF-BOUNDARY-020,CHAL-INVAL-031,CHAL-INVAL-031,ENFORCEMENT_CHALLENGE,validation-invalid-fixtures.jsonld,Regra-Fronteira-Estado-Lotacao,ex:TransferenciaShape,MATERIALIZED_ENFORCEMENT_CHALLENGE
CASE-TRANSF-MULTIRULE-001,CHAL-VAL-047,CHAL-VAL-047,ENFORCEMENT_CHALLENGE,validation-valid-fixtures.jsonld,Regra-Multi-Estado-Segregacao-Lotacao,,MATERIALIZED_ENFORCEMENT_CHALLENGE
CASE-TRANSF-MULTIRULE-002,CHAL-INVAL-032,CHAL-INVAL-032,ENFORCEMENT_CHALLENGE,validation-invalid-fixtures.jsonld,Regra-Multi-Estado-Segregacao-Lotacao,ex:TransferenciaShape;ex:TransferenciaCompatibilidadeOrganizacionalShape,MATERIALIZED_ENFORCEMENT_CHALLENGE
CASE-TRANSF-MULTIRULE-003,CHAL-VAL-048,CHAL-VAL-048,ENFORCEMENT_CHALLENGE,validation-valid-fixtures.jsonld,Regra-Multi-Estado-Segregacao-Lotacao,,MATERIALIZED_ENFORCEMENT_CHALLENGE
CASE-TRANSF-MULTIRULE-004,CHAL-INVAL-033,CHAL-INVAL-033,ENFORCEMENT_CHALLENGE,validation-invalid-fixtures.jsonld,Regra-Multi-Estado-Segregacao-Lotacao,ex:TransferenciaShape;ex:TransferenciaCompatibilidadeOrganizacionalShape,MATERIALIZED_ENFORCEMENT_CHALLENGE
CASE-TRANSF-MULTIRULE-005,CHAL-VAL-049,CHAL-VAL-049,ENFORCEMENT_CHALLENGE,validation-valid-fixtures.jsonld,Regra-Multi-Estado-Segregacao-Lotacao,,MATERIALIZED_ENFORCEMENT_CHALLENGE
CASE-TRANSF-MULTIRULE-006,CHAL-INVAL-034,CHAL-INVAL-034,ENFORCEMENT_CHALLENGE,validation-invalid-fixtures.jsonld,Regra-Multi-Estado-Segregacao-Lotacao,ex:TransferenciaShape;ex:TransferenciaCompatibilidadeOrganizacionalShape,MATERIALIZED_ENFORCEMENT_CHALLENGE
CASE-TRANSF-MULTIRULE-007,CHAL-VAL-050,CHAL-VAL-050,ENFORCEMENT_CHALLENGE,validation-valid-fixtures.jsonld,Regra-Multi-Estado-Segregacao-Lotacao,,MATERIALIZED_ENFORCEMENT_CHALLENGE
CASE-TRANSF-MULTIRULE-008,CHAL-INVAL-035,CHAL-INVAL-035,ENFORCEMENT_CHALLENGE,validation-invalid-fixtures.jsonld,Regra-Multi-Estado-Segregacao-Lotacao,ex:TransferenciaShape;ex:TransferenciaCompatibilidadeOrganizacionalShape,MATERIALIZED_ENFORCEMENT_CHALLENGE
CASE-TRANSF-MULTIRULE-009,CHAL-VAL-051,CHAL-VAL-051,ENFORCEMENT_CHALLENGE,validation-valid-fixtures.jsonld,Regra-Multi-Estado-Segregacao-Lotacao,,MATERIALIZED_ENFORCEMENT_CHALLENGE
CASE-TRANSF-MULTIRULE-010,CHAL-INVAL-036,CHAL-INVAL-036,ENFORCEMENT_CHALLENGE,validation-invalid-fixtures.jsonld,Regra-Multi-Estado-Segregacao-Lotacao,ex:TransferenciaShape;ex:TransferenciaCompatibilidadeOrganizacionalShape,MATERIALIZED_ENFORCEMENT_CHALLENGE
CASE-TRANSF-MULTIRULE-011,CHAL-VAL-052,CHAL-VAL-052,ENFORCEMENT_CHALLENGE,validation-valid-fixtures.jsonld,Regra-Multi-Estado-Segregacao-Lotacao,,MATERIALIZED_ENFORCEMENT_CHALLENGE
CASE-TRANSF-MULTIRULE-012,CHAL-INVAL-037,CHAL-INVAL-037,ENFORCEMENT_CHALLENGE,validation-invalid-fixtures.jsonld,Regra-Multi-Estado-Segregacao-Lotacao,ex:TransferenciaShape;ex:TransferenciaCompatibilidadeOrganizacionalShape,MATERIALIZED_ENFORCEMENT_CHALLENGE
CASE-TRANSF-MULTIRULE-013,CHAL-VAL-053,CHAL-VAL-053,ENFORCEMENT_CHALLENGE,validation-valid-fixtures.jsonld,Regra-Multi-Estado-Segregacao-Lotacao,,MATERIALIZED_ENFORCEMENT_CHALLENGE
CASE-TRANSF-MULTIRULE-014,CHAL-INVAL-038,CHAL-INVAL-038,ENFORCEMENT_CHALLENGE,validation-invalid-fixtures.jsonld,Regra-Multi-Estado-Segregacao-Lotacao,ex:TransferenciaShape;ex:TransferenciaCompatibilidadeOrganizacionalShape,MATERIALIZED_ENFORCEMENT_CHALLENGE
CASE-TRANSF-MULTIRULE-015,CHAL-VAL-054,CHAL-VAL-054,ENFORCEMENT_CHALLENGE,validation-valid-fixtures.jsonld,Regra-Multi-Estado-Segregacao-Lotacao,,MATERIALIZED_ENFORCEMENT_CHALLENGE
CASE-TRANSF-MULTIRULE-016,CHAL-INVAL-039,CHAL-INVAL-039,ENFORCEMENT_CHALLENGE,validation-invalid-fixtures.jsonld,Regra-Multi-Estado-Segregacao-Lotacao,ex:TransferenciaShape;ex:TransferenciaCompatibilidadeOrganizacionalShape,MATERIALIZED_ENFORCEMENT_CHALLENGE
CASE-TRANSF-MULTIRULE-017,CHAL-VAL-055,CHAL-VAL-055,ENFORCEMENT_CHALLENGE,validation-valid-fixtures.jsonld,Regra-Multi-Estado-Segregacao-Lotacao,,MATERIALIZED_ENFORCEMENT_CHALLENGE
CASE-TRANSF-MULTIRULE-018,CHAL-INVAL-040,CHAL-INVAL-040,ENFORCEMENT_CHALLENGE,validation-invalid-fixtures.jsonld,Regra-Multi-Estado-Segregacao-Lotacao,ex:TransferenciaShape;ex:TransferenciaCompatibilidadeOrganizacionalShape,MATERIALIZED_ENFORCEMENT_CHALLENGE
CASE-TRANSF-MULTIRULE-019,CHAL-VAL-056,CHAL-VAL-056,ENFORCEMENT_CHALLENGE,validation-valid-fixtures.jsonld,Regra-Multi-Estado-Segregacao-Lotacao,,MATERIALIZED_ENFORCEMENT_CHALLENGE
CASE-TRANSF-MULTIRULE-020,CHAL-INVAL-041,CHAL-INVAL-041,ENFORCEMENT_CHALLENGE,validation-invalid-fixtures.jsonld,Regra-Multi-Estado-Segregacao-Lotacao,ex:TransferenciaShape;ex:TransferenciaCompatibilidadeOrganizacionalShape,MATERIALIZED_ENFORCEMENT_CHALLENGE
CASE-BAIXA-VALID-001,G2,G2,"A,B,C,D",baseline-valid-data.jsonld,Regra-Baixa-Motivo;Regra-Baixa-ValorResidualLaudo,ex:BaixaShape;ex:BaixaValorResidualShape,MATERIALIZED_EXPERIMENT_TASK
CASE-BAIXA-VALID-002,CHAL-VAL-057,CHAL-VAL-057,ENFORCEMENT_CHALLENGE,validation-valid-fixtures.jsonld,Regra-Baixa-Motivo;Regra-Baixa-ValorResidualLaudo,ex:BaixaShape;ex:BaixaValorResidualShape,MATERIALIZED_ENFORCEMENT_CHALLENGE
CASE-BAIXA-VALID-003,CHAL-VAL-058,CHAL-VAL-058,ENFORCEMENT_CHALLENGE,validation-valid-fixtures.jsonld,Regra-Baixa-Motivo;Regra-Baixa-ValorResidualLaudo,ex:BaixaShape;ex:BaixaValorResidualShape,MATERIALIZED_ENFORCEMENT_CHALLENGE
CASE-BAIXA-VALID-004,CHAL-VAL-059,CHAL-VAL-059,ENFORCEMENT_CHALLENGE,validation-valid-fixtures.jsonld,Regra-Baixa-Motivo;Regra-Baixa-ValorResidualLaudo,ex:BaixaShape;ex:BaixaValorResidualShape,MATERIALIZED_ENFORCEMENT_CHALLENGE
CASE-BAIXA-VALID-005,CHAL-VAL-060,CHAL-VAL-060,ENFORCEMENT_CHALLENGE,validation-valid-fixtures.jsonld,Regra-Baixa-Motivo;Regra-Baixa-ValorResidualLaudo,ex:BaixaShape;ex:BaixaValorResidualShape,MATERIALIZED_ENFORCEMENT_CHALLENGE
CASE-BAIXA-VALID-006,NONE,NONE,NONE,semantic-test-fixtures,Regra-Baixa-Motivo;Regra-Baixa-ValorResidualLaudo,ex:BaixaShape;ex:BaixaValorResidualShape,RESERVED_POOL
CASE-BAIXA-VALID-007,NONE,NONE,NONE,semantic-test-fixtures,Regra-Baixa-Motivo;Regra-Baixa-ValorResidualLaudo,ex:BaixaShape;ex:BaixaValorResidualShape,RESERVED_POOL
CASE-BAIXA-VALID-008,NONE,NONE,NONE,semantic-test-fixtures,Regra-Baixa-Motivo;Regra-Baixa-ValorResidualLaudo,ex:BaixaShape;ex:BaixaValorResidualShape,RESERVED_POOL
CASE-BAIXA-VALID-009,NONE,NONE,NONE,semantic-test-fixtures,Regra-Baixa-Motivo;Regra-Baixa-ValorResidualLaudo,ex:BaixaShape;ex:BaixaValorResidualShape,RESERVED_POOL
CASE-BAIXA-VALID-010,NONE,NONE,NONE,semantic-test-fixtures,Regra-Baixa-Motivo;Regra-Baixa-ValorResidualLaudo,ex:BaixaShape;ex:BaixaValorResidualShape,RESERVED_POOL
CASE-BAIXA-VALID-011,NONE,NONE,NONE,semantic-test-fixtures,Regra-Baixa-Motivo;Regra-Baixa-ValorResidualLaudo,ex:BaixaShape;ex:BaixaValorResidualShape,RESERVED_POOL
CASE-BAIXA-VALID-012,NONE,NONE,NONE,semantic-test-fixtures,Regra-Baixa-Motivo;Regra-Baixa-ValorResidualLaudo,ex:BaixaShape;ex:BaixaValorResidualShape,RESERVED_POOL
CASE-BAIXA-VALID-013,NONE,NONE,NONE,semantic-test-fixtures,Regra-Baixa-Motivo;Regra-Baixa-ValorResidualLaudo,ex:BaixaShape;ex:BaixaValorResidualShape,RESERVED_POOL
CASE-BAIXA-VALID-014,NONE,NONE,NONE,semantic-test-fixtures,Regra-Baixa-Motivo;Regra-Baixa-ValorResidualLaudo,ex:BaixaShape;ex:BaixaValorResidualShape,RESERVED_POOL
CASE-BAIXA-VALID-015,NONE,NONE,NONE,semantic-test-fixtures,Regra-Baixa-Motivo;Regra-Baixa-ValorResidualLaudo,ex:BaixaShape;ex:BaixaValorResidualShape,RESERVED_POOL
CASE-BAIXA-VALID-016,NONE,NONE,NONE,semantic-test-fixtures,Regra-Baixa-Motivo;Regra-Baixa-ValorResidualLaudo,ex:BaixaShape;ex:BaixaValorResidualShape,RESERVED_POOL
CASE-BAIXA-VALID-017,NONE,NONE,NONE,semantic-test-fixtures,Regra-Baixa-Motivo;Regra-Baixa-ValorResidualLaudo,ex:BaixaShape;ex:BaixaValorResidualShape,RESERVED_POOL
CASE-BAIXA-VALID-018,NONE,NONE,NONE,semantic-test-fixtures,Regra-Baixa-Motivo;Regra-Baixa-ValorResidualLaudo,ex:BaixaShape;ex:BaixaValorResidualShape,RESERVED_POOL
CASE-BAIXA-VALID-019,NONE,NONE,NONE,semantic-test-fixtures,Regra-Baixa-Motivo;Regra-Baixa-ValorResidualLaudo,ex:BaixaShape;ex:BaixaValorResidualShape,RESERVED_POOL
CASE-BAIXA-VALID-020,NONE,NONE,NONE,semantic-test-fixtures,Regra-Baixa-Motivo;Regra-Baixa-ValorResidualLaudo,ex:BaixaShape;ex:BaixaValorResidualShape,RESERVED_POOL
CASE-BAIXA-VALID-021,NONE,NONE,NONE,semantic-test-fixtures,Regra-Baixa-Motivo;Regra-Baixa-ValorResidualLaudo,ex:BaixaShape;ex:BaixaValorResidualShape,RESERVED_POOL
CASE-BAIXA-VALID-022,NONE,NONE,NONE,semantic-test-fixtures,Regra-Baixa-Motivo;Regra-Baixa-ValorResidualLaudo,ex:BaixaShape;ex:BaixaValorResidualShape,RESERVED_POOL
CASE-BAIXA-VALID-023,NONE,NONE,NONE,semantic-test-fixtures,Regra-Baixa-Motivo;Regra-Baixa-ValorResidualLaudo,ex:BaixaShape;ex:BaixaValorResidualShape,RESERVED_POOL
CASE-BAIXA-VALID-024,NONE,NONE,NONE,semantic-test-fixtures,Regra-Baixa-Motivo;Regra-Baixa-ValorResidualLaudo,ex:BaixaShape;ex:BaixaValorResidualShape,RESERVED_POOL
CASE-BAIXA-VALID-025,NONE,NONE,NONE,semantic-test-fixtures,Regra-Baixa-Motivo;Regra-Baixa-ValorResidualLaudo,ex:BaixaShape;ex:BaixaValorResidualShape,RESERVED_POOL
CASE-BAIXA-VALID-026,NONE,NONE,NONE,semantic-test-fixtures,Regra-Baixa-Motivo;Regra-Baixa-ValorResidualLaudo,ex:BaixaShape;ex:BaixaValorResidualShape,RESERVED_POOL
CASE-BAIXA-VALID-027,NONE,NONE,NONE,semantic-test-fixtures,Regra-Baixa-Motivo;Regra-Baixa-ValorResidualLaudo,ex:BaixaShape;ex:BaixaValorResidualShape,RESERVED_POOL
CASE-BAIXA-VALID-028,NONE,NONE,NONE,semantic-test-fixtures,Regra-Baixa-Motivo;Regra-Baixa-ValorResidualLaudo,ex:BaixaShape;ex:BaixaValorResidualShape,RESERVED_POOL
CASE-BAIXA-VALID-029,NONE,NONE,NONE,semantic-test-fixtures,Regra-Baixa-Motivo;Regra-Baixa-ValorResidualLaudo,ex:BaixaShape;ex:BaixaValorResidualShape,RESERVED_POOL
CASE-BAIXA-VALID-030,NONE,NONE,NONE,semantic-test-fixtures,Regra-Baixa-Motivo;Regra-Baixa-ValorResidualLaudo,ex:BaixaShape;ex:BaixaValorResidualShape,RESERVED_POOL
CASE-BAIXA-VALID-031,NONE,NONE,NONE,semantic-test-fixtures,Regra-Baixa-Motivo;Regra-Baixa-ValorResidualLaudo,ex:BaixaShape;ex:BaixaValorResidualShape,RESERVED_POOL
CASE-BAIXA-VALID-032,NONE,NONE,NONE,semantic-test-fixtures,Regra-Baixa-Motivo;Regra-Baixa-ValorResidualLaudo,ex:BaixaShape;ex:BaixaValorResidualShape,RESERVED_POOL
CASE-BAIXA-VALID-033,NONE,NONE,NONE,semantic-test-fixtures,Regra-Baixa-Motivo;Regra-Baixa-ValorResidualLaudo,ex:BaixaShape;ex:BaixaValorResidualShape,RESERVED_POOL
CASE-BAIXA-VALID-034,NONE,NONE,NONE,semantic-test-fixtures,Regra-Baixa-Motivo;Regra-Baixa-ValorResidualLaudo,ex:BaixaShape;ex:BaixaValorResidualShape,RESERVED_POOL
CASE-BAIXA-VALID-035,NONE,NONE,NONE,semantic-test-fixtures,Regra-Baixa-Motivo;Regra-Baixa-ValorResidualLaudo,ex:BaixaShape;ex:BaixaValorResidualShape,RESERVED_POOL
CASE-BAIXA-VALID-036,NONE,NONE,NONE,semantic-test-fixtures,Regra-Baixa-Motivo;Regra-Baixa-ValorResidualLaudo,ex:BaixaShape;ex:BaixaValorResidualShape,RESERVED_POOL
CASE-BAIXA-VALID-037,NONE,NONE,NONE,semantic-test-fixtures,Regra-Baixa-Motivo;Regra-Baixa-ValorResidualLaudo,ex:BaixaShape;ex:BaixaValorResidualShape,RESERVED_POOL
CASE-BAIXA-VALID-038,NONE,NONE,NONE,semantic-test-fixtures,Regra-Baixa-Motivo;Regra-Baixa-ValorResidualLaudo,ex:BaixaShape;ex:BaixaValorResidualShape,RESERVED_POOL
CASE-BAIXA-VALID-039,NONE,NONE,NONE,semantic-test-fixtures,Regra-Baixa-Motivo;Regra-Baixa-ValorResidualLaudo,ex:BaixaShape;ex:BaixaValorResidualShape,RESERVED_POOL
CASE-BAIXA-VALID-040,NONE,NONE,NONE,semantic-test-fixtures,Regra-Baixa-Motivo;Regra-Baixa-ValorResidualLaudo,ex:BaixaShape;ex:BaixaValorResidualShape,RESERVED_POOL
CASE-BAIXA-INVALID-001,V2,V2,"A,B,C,D",baseline-valid-data.jsonld,Regra-Restricao-Baixa,ex:BaixaShape,MATERIALIZED_EXPERIMENT_TASK
CASE-BAIXA-INVALID-002,V6,V6,"A,B,C,D",baseline-valid-data.jsonld,Regra-Restricao-Baixa,ex:BaixaValorResidualShape,MATERIALIZED_EXPERIMENT_TASK
CASE-BAIXA-INVALID-003,V7,V7,"A,B,C,D",baseline-valid-data.jsonld,Regra-Restricao-Baixa,ex:BaixaShape,MATERIALIZED_EXPERIMENT_TASK
CASE-BAIXA-INVALID-004,V8,V8,"A,B,C,D",baseline-valid-data.jsonld,Regra-Restricao-Baixa,ex:BaixaShape,MATERIALIZED_EXPERIMENT_TASK
CASE-BAIXA-INVALID-005,CHAL-INVAL-042,CHAL-INVAL-042,ENFORCEMENT_CHALLENGE,validation-invalid-fixtures.jsonld,Regra-Restricao-Baixa,ex:BaixaValorResidualShape,MATERIALIZED_ENFORCEMENT_CHALLENGE
CASE-BAIXA-INVALID-006,CHAL-INVAL-043,CHAL-INVAL-043,ENFORCEMENT_CHALLENGE,validation-invalid-fixtures.jsonld,Regra-Restricao-Baixa,ex:BaixaShape,MATERIALIZED_ENFORCEMENT_CHALLENGE
CASE-BAIXA-INVALID-007,CHAL-INVAL-044,CHAL-INVAL-044,ENFORCEMENT_CHALLENGE,validation-invalid-fixtures.jsonld,Regra-Restricao-Baixa,ex:BaixaShape,MATERIALIZED_ENFORCEMENT_CHALLENGE
CASE-BAIXA-INVALID-008,CHAL-INVAL-045,CHAL-INVAL-045,ENFORCEMENT_CHALLENGE,validation-invalid-fixtures.jsonld,Regra-Restricao-Baixa,ex:BaixaValorResidualShape,MATERIALIZED_ENFORCEMENT_CHALLENGE
CASE-BAIXA-INVALID-009,CHAL-INVAL-046,CHAL-INVAL-046,ENFORCEMENT_CHALLENGE,validation-invalid-fixtures.jsonld,Regra-Restricao-Baixa,ex:BaixaShape,MATERIALIZED_ENFORCEMENT_CHALLENGE
CASE-BAIXA-INVALID-010,CHAL-INVAL-047,CHAL-INVAL-047,ENFORCEMENT_CHALLENGE,validation-invalid-fixtures.jsonld,Regra-Restricao-Baixa,ex:BaixaShape,MATERIALIZED_ENFORCEMENT_CHALLENGE
CASE-BAIXA-INVALID-011,CHAL-INVAL-048,CHAL-INVAL-048,ENFORCEMENT_CHALLENGE,validation-invalid-fixtures.jsonld,Regra-Restricao-Baixa,ex:BaixaValorResidualShape,MATERIALIZED_ENFORCEMENT_CHALLENGE
CASE-BAIXA-INVALID-012,CHAL-INVAL-049,CHAL-INVAL-049,ENFORCEMENT_CHALLENGE,validation-invalid-fixtures.jsonld,Regra-Restricao-Baixa,ex:BaixaShape,MATERIALIZED_ENFORCEMENT_CHALLENGE
CASE-BAIXA-INVALID-013,CHAL-INVAL-050,CHAL-INVAL-050,ENFORCEMENT_CHALLENGE,validation-invalid-fixtures.jsonld,Regra-Restricao-Baixa,ex:BaixaShape,MATERIALIZED_ENFORCEMENT_CHALLENGE
CASE-BAIXA-INVALID-014,CHAL-INVAL-051,CHAL-INVAL-051,ENFORCEMENT_CHALLENGE,validation-invalid-fixtures.jsonld,Regra-Restricao-Baixa,ex:BaixaValorResidualShape,MATERIALIZED_ENFORCEMENT_CHALLENGE
CASE-BAIXA-INVALID-015,CHAL-INVAL-052,CHAL-INVAL-052,ENFORCEMENT_CHALLENGE,validation-invalid-fixtures.jsonld,Regra-Restricao-Baixa,ex:BaixaShape,MATERIALIZED_ENFORCEMENT_CHALLENGE
CASE-BAIXA-INVALID-016,CHAL-INVAL-053,CHAL-INVAL-053,ENFORCEMENT_CHALLENGE,validation-invalid-fixtures.jsonld,Regra-Restricao-Baixa,ex:BaixaShape,MATERIALIZED_ENFORCEMENT_CHALLENGE
CASE-BAIXA-INVALID-017,CHAL-INVAL-054,CHAL-INVAL-054,ENFORCEMENT_CHALLENGE,validation-invalid-fixtures.jsonld,Regra-Restricao-Baixa,ex:BaixaValorResidualShape,MATERIALIZED_ENFORCEMENT_CHALLENGE
CASE-BAIXA-INVALID-018,CHAL-INVAL-055,CHAL-INVAL-055,ENFORCEMENT_CHALLENGE,validation-invalid-fixtures.jsonld,Regra-Restricao-Baixa,ex:BaixaShape,MATERIALIZED_ENFORCEMENT_CHALLENGE
CASE-BAIXA-INVALID-019,CHAL-INVAL-056,CHAL-INVAL-056,ENFORCEMENT_CHALLENGE,validation-invalid-fixtures.jsonld,Regra-Restricao-Baixa,ex:BaixaShape,MATERIALIZED_ENFORCEMENT_CHALLENGE
CASE-BAIXA-INVALID-020,CHAL-INVAL-057,CHAL-INVAL-057,ENFORCEMENT_CHALLENGE,validation-invalid-fixtures.jsonld,Regra-Restricao-Baixa,ex:BaixaValorResidualShape,MATERIALIZED_ENFORCEMENT_CHALLENGE
CASE-BAIXA-INVALID-021,CHAL-INVAL-058,CHAL-INVAL-058,ENFORCEMENT_CHALLENGE,validation-invalid-fixtures.jsonld,Regra-Restricao-Baixa,ex:BaixaShape,MATERIALIZED_ENFORCEMENT_CHALLENGE
CASE-BAIXA-INVALID-022,CHAL-INVAL-059,CHAL-INVAL-059,ENFORCEMENT_CHALLENGE,validation-invalid-fixtures.jsonld,Regra-Restricao-Baixa,ex:BaixaShape,MATERIALIZED_ENFORCEMENT_CHALLENGE
CASE-BAIXA-INVALID-023,CHAL-INVAL-060,CHAL-INVAL-060,ENFORCEMENT_CHALLENGE,validation-invalid-fixtures.jsonld,Regra-Restricao-Baixa,ex:BaixaValorResidualShape,MATERIALIZED_ENFORCEMENT_CHALLENGE
CASE-BAIXA-INVALID-024,NONE,NONE,NONE,semantic-test-fixtures,Regra-Restricao-Baixa,ex:BaixaShape,RESERVED_POOL
CASE-BAIXA-INVALID-025,NONE,NONE,NONE,semantic-test-fixtures,Regra-Restricao-Baixa,ex:BaixaShape,RESERVED_POOL
CASE-BAIXA-INVALID-026,NONE,NONE,NONE,semantic-test-fixtures,Regra-Restricao-Baixa,ex:BaixaValorResidualShape,RESERVED_POOL
CASE-BAIXA-INVALID-027,NONE,NONE,NONE,semantic-test-fixtures,Regra-Restricao-Baixa,ex:BaixaShape,RESERVED_POOL
CASE-BAIXA-INVALID-028,NONE,NONE,NONE,semantic-test-fixtures,Regra-Restricao-Baixa,ex:BaixaShape,RESERVED_POOL
CASE-BAIXA-INVALID-029,NONE,NONE,NONE,semantic-test-fixtures,Regra-Restricao-Baixa,ex:BaixaValorResidualShape,RESERVED_POOL
CASE-BAIXA-INVALID-030,NONE,NONE,NONE,semantic-test-fixtures,Regra-Restricao-Baixa,ex:BaixaShape,RESERVED_POOL
CASE-BAIXA-BOUNDARY-001,NONE,NONE,NONE,semantic-test-fixtures,Regra-Fronteira-ValorResidual-Zero,,RESERVED_POOL
CASE-BAIXA-BOUNDARY-002,NONE,NONE,NONE,semantic-test-fixtures,Regra-Fronteira-ValorResidual-Zero,ex:BaixaValorResidualShape,RESERVED_POOL
CASE-BAIXA-BOUNDARY-003,NONE,NONE,NONE,semantic-test-fixtures,Regra-Fronteira-ValorResidual-Zero,,RESERVED_POOL
CASE-BAIXA-BOUNDARY-004,NONE,NONE,NONE,semantic-test-fixtures,Regra-Fronteira-ValorResidual-Zero,ex:BaixaValorResidualShape,RESERVED_POOL
CASE-BAIXA-BOUNDARY-005,NONE,NONE,NONE,semantic-test-fixtures,Regra-Fronteira-ValorResidual-Zero,,RESERVED_POOL
CASE-BAIXA-BOUNDARY-006,NONE,NONE,NONE,semantic-test-fixtures,Regra-Fronteira-ValorResidual-Zero,ex:BaixaValorResidualShape,RESERVED_POOL
CASE-BAIXA-BOUNDARY-007,NONE,NONE,NONE,semantic-test-fixtures,Regra-Fronteira-ValorResidual-Zero,,RESERVED_POOL
CASE-BAIXA-BOUNDARY-008,NONE,NONE,NONE,semantic-test-fixtures,Regra-Fronteira-ValorResidual-Zero,ex:BaixaValorResidualShape,RESERVED_POOL
CASE-BAIXA-BOUNDARY-009,NONE,NONE,NONE,semantic-test-fixtures,Regra-Fronteira-ValorResidual-Zero,,RESERVED_POOL
CASE-BAIXA-BOUNDARY-010,NONE,NONE,NONE,semantic-test-fixtures,Regra-Fronteira-ValorResidual-Zero,ex:BaixaValorResidualShape,RESERVED_POOL
CASE-BAIXA-BOUNDARY-011,NONE,NONE,NONE,semantic-test-fixtures,Regra-Fronteira-ValorResidual-Zero,,RESERVED_POOL
CASE-BAIXA-BOUNDARY-012,NONE,NONE,NONE,semantic-test-fixtures,Regra-Fronteira-ValorResidual-Zero,ex:BaixaValorResidualShape,RESERVED_POOL
CASE-BAIXA-BOUNDARY-013,NONE,NONE,NONE,semantic-test-fixtures,Regra-Fronteira-ValorResidual-Zero,,RESERVED_POOL
CASE-BAIXA-BOUNDARY-014,NONE,NONE,NONE,semantic-test-fixtures,Regra-Fronteira-ValorResidual-Zero,ex:BaixaValorResidualShape,RESERVED_POOL
CASE-BAIXA-BOUNDARY-015,NONE,NONE,NONE,semantic-test-fixtures,Regra-Fronteira-ValorResidual-Zero,,RESERVED_POOL
CASE-BAIXA-BOUNDARY-016,NONE,NONE,NONE,semantic-test-fixtures,Regra-Fronteira-ValorResidual-Zero,ex:BaixaValorResidualShape,RESERVED_POOL
CASE-BAIXA-BOUNDARY-017,NONE,NONE,NONE,semantic-test-fixtures,Regra-Fronteira-ValorResidual-Zero,,RESERVED_POOL
CASE-BAIXA-BOUNDARY-018,NONE,NONE,NONE,semantic-test-fixtures,Regra-Fronteira-ValorResidual-Zero,ex:BaixaValorResidualShape,RESERVED_POOL
CASE-BAIXA-BOUNDARY-019,NONE,NONE,NONE,semantic-test-fixtures,Regra-Fronteira-ValorResidual-Zero,,RESERVED_POOL
CASE-BAIXA-BOUNDARY-020,NONE,NONE,NONE,semantic-test-fixtures,Regra-Fronteira-ValorResidual-Zero,ex:BaixaValorResidualShape,RESERVED_POOL
CASE-BAIXA-MULTIRULE-001,NONE,NONE,NONE,semantic-test-fixtures,Regra-Multi-Baixa-Residual-Alcada,,RESERVED_POOL
CASE-BAIXA-MULTIRULE-002,NONE,NONE,NONE,semantic-test-fixtures,Regra-Multi-Baixa-Residual-Alcada,ex:BaixaShape;ex:BaixaValorResidualShape;ex:BaixaAltoValorAprovacaoShape,RESERVED_POOL
CASE-BAIXA-MULTIRULE-003,NONE,NONE,NONE,semantic-test-fixtures,Regra-Multi-Baixa-Residual-Alcada,,RESERVED_POOL
CASE-BAIXA-MULTIRULE-004,NONE,NONE,NONE,semantic-test-fixtures,Regra-Multi-Baixa-Residual-Alcada,ex:BaixaShape;ex:BaixaValorResidualShape;ex:BaixaAltoValorAprovacaoShape,RESERVED_POOL
CASE-BAIXA-MULTIRULE-005,NONE,NONE,NONE,semantic-test-fixtures,Regra-Multi-Baixa-Residual-Alcada,,RESERVED_POOL
CASE-BAIXA-MULTIRULE-006,NONE,NONE,NONE,semantic-test-fixtures,Regra-Multi-Baixa-Residual-Alcada,ex:BaixaShape;ex:BaixaValorResidualShape;ex:BaixaAltoValorAprovacaoShape,RESERVED_POOL
CASE-BAIXA-MULTIRULE-007,NONE,NONE,NONE,semantic-test-fixtures,Regra-Multi-Baixa-Residual-Alcada,,RESERVED_POOL
CASE-BAIXA-MULTIRULE-008,NONE,NONE,NONE,semantic-test-fixtures,Regra-Multi-Baixa-Residual-Alcada,ex:BaixaShape;ex:BaixaValorResidualShape;ex:BaixaAltoValorAprovacaoShape,RESERVED_POOL
CASE-BAIXA-MULTIRULE-009,NONE,NONE,NONE,semantic-test-fixtures,Regra-Multi-Baixa-Residual-Alcada,,RESERVED_POOL
CASE-BAIXA-MULTIRULE-010,NONE,NONE,NONE,semantic-test-fixtures,Regra-Multi-Baixa-Residual-Alcada,ex:BaixaShape;ex:BaixaValorResidualShape;ex:BaixaAltoValorAprovacaoShape,RESERVED_POOL
CASE-BAIXA-MULTIRULE-011,NONE,NONE,NONE,semantic-test-fixtures,Regra-Multi-Baixa-Residual-Alcada,,RESERVED_POOL
CASE-BAIXA-MULTIRULE-012,NONE,NONE,NONE,semantic-test-fixtures,Regra-Multi-Baixa-Residual-Alcada,ex:BaixaShape;ex:BaixaValorResidualShape;ex:BaixaAltoValorAprovacaoShape,RESERVED_POOL
CASE-BAIXA-MULTIRULE-013,NONE,NONE,NONE,semantic-test-fixtures,Regra-Multi-Baixa-Residual-Alcada,,RESERVED_POOL
CASE-BAIXA-MULTIRULE-014,NONE,NONE,NONE,semantic-test-fixtures,Regra-Multi-Baixa-Residual-Alcada,ex:BaixaShape;ex:BaixaValorResidualShape;ex:BaixaAltoValorAprovacaoShape,RESERVED_POOL
CASE-BAIXA-MULTIRULE-015,NONE,NONE,NONE,semantic-test-fixtures,Regra-Multi-Baixa-Residual-Alcada,,RESERVED_POOL
CASE-BAIXA-MULTIRULE-016,NONE,NONE,NONE,semantic-test-fixtures,Regra-Multi-Baixa-Residual-Alcada,ex:BaixaShape;ex:BaixaValorResidualShape;ex:BaixaAltoValorAprovacaoShape,RESERVED_POOL
CASE-BAIXA-MULTIRULE-017,NONE,NONE,NONE,semantic-test-fixtures,Regra-Multi-Baixa-Residual-Alcada,,RESERVED_POOL
CASE-BAIXA-MULTIRULE-018,NONE,NONE,NONE,semantic-test-fixtures,Regra-Multi-Baixa-Residual-Alcada,ex:BaixaShape;ex:BaixaValorResidualShape;ex:BaixaAltoValorAprovacaoShape,RESERVED_POOL
CASE-BAIXA-MULTIRULE-019,NONE,NONE,NONE,semantic-test-fixtures,Regra-Multi-Baixa-Residual-Alcada,,RESERVED_POOL
CASE-BAIXA-MULTIRULE-020,NONE,NONE,NONE,semantic-test-fixtures,Regra-Multi-Baixa-Residual-Alcada,ex:BaixaShape;ex:BaixaValorResidualShape;ex:BaixaAltoValorAprovacaoShape,RESERVED_POOL
CASE-ALOCACAOUSUARIO-V-01,NONE,NONE,NONE,semantic-test-fixtures,Regra-AlocacaoUsuario-Conforme,ex:AlocacaoUsuarioShape,RESERVED_POOL
CASE-ALOCACAOUSUARIO-INV-01,NONE,NONE,NONE,semantic-test-fixtures,Regra-AlocacaoUsuario-Violacao,ex:AlocacaoUsuarioShape,RESERVED_POOL
CASE-ALOCACAOUSUARIO-V-02,NONE,NONE,NONE,semantic-test-fixtures,Regra-AlocacaoUsuario-Conforme,ex:AlocacaoUsuarioShape,RESERVED_POOL
CASE-ALOCACAOUSUARIO-INV-02,NONE,NONE,NONE,semantic-test-fixtures,Regra-AlocacaoUsuario-Violacao,ex:AlocacaoUsuarioShape,RESERVED_POOL
CASE-ALOCACAOUSUARIO-V-03,NONE,NONE,NONE,semantic-test-fixtures,Regra-AlocacaoUsuario-Conforme,ex:AlocacaoUsuarioShape,RESERVED_POOL
CASE-ALOCACAOUSUARIO-INV-03,NONE,NONE,NONE,semantic-test-fixtures,Regra-AlocacaoUsuario-Violacao,ex:AlocacaoUsuarioShape,RESERVED_POOL
CASE-ALOCACAOUSUARIO-V-04,NONE,NONE,NONE,semantic-test-fixtures,Regra-AlocacaoUsuario-Conforme,ex:AlocacaoUsuarioShape,RESERVED_POOL
CASE-ALOCACAOUSUARIO-INV-04,NONE,NONE,NONE,semantic-test-fixtures,Regra-AlocacaoUsuario-Violacao,ex:AlocacaoUsuarioShape,RESERVED_POOL
CASE-ALOCACAOUSUARIO-V-05,NONE,NONE,NONE,semantic-test-fixtures,Regra-AlocacaoUsuario-Conforme,ex:AlocacaoUsuarioShape,RESERVED_POOL
CASE-ALOCACAOUSUARIO-INV-05,NONE,NONE,NONE,semantic-test-fixtures,Regra-AlocacaoUsuario-Violacao,ex:AlocacaoUsuarioShape,RESERVED_POOL
CASE-ALOCACAOUSUARIO-V-06,NONE,NONE,NONE,semantic-test-fixtures,Regra-AlocacaoUsuario-Conforme,ex:AlocacaoUsuarioShape,RESERVED_POOL
CASE-ALOCACAOUSUARIO-INV-06,NONE,NONE,NONE,semantic-test-fixtures,Regra-AlocacaoUsuario-Violacao,ex:AlocacaoUsuarioShape,RESERVED_POOL
CASE-ALOCACAOUSUARIO-V-07,NONE,NONE,NONE,semantic-test-fixtures,Regra-AlocacaoUsuario-Conforme,ex:AlocacaoUsuarioShape,RESERVED_POOL
CASE-ALOCACAOUSUARIO-INV-07,NONE,NONE,NONE,semantic-test-fixtures,Regra-AlocacaoUsuario-Violacao,ex:AlocacaoUsuarioShape,RESERVED_POOL
CASE-ALOCACAOUSUARIO-V-08,NONE,NONE,NONE,semantic-test-fixtures,Regra-AlocacaoUsuario-Conforme,ex:AlocacaoUsuarioShape,RESERVED_POOL
CASE-ALOCACAOUSUARIO-INV-08,NONE,NONE,NONE,semantic-test-fixtures,Regra-AlocacaoUsuario-Violacao,ex:AlocacaoUsuarioShape,RESERVED_POOL
CASE-ALOCACAOUSUARIO-V-09,NONE,NONE,NONE,semantic-test-fixtures,Regra-AlocacaoUsuario-Conforme,ex:AlocacaoUsuarioShape,RESERVED_POOL
CASE-ALOCACAOUSUARIO-INV-09,NONE,NONE,NONE,semantic-test-fixtures,Regra-AlocacaoUsuario-Violacao,ex:AlocacaoUsuarioShape,RESERVED_POOL
CASE-ALOCACAOUSUARIO-V-10,NONE,NONE,NONE,semantic-test-fixtures,Regra-AlocacaoUsuario-Conforme,ex:AlocacaoUsuarioShape,RESERVED_POOL
CASE-ALOCACAOUSUARIO-INV-10,NONE,NONE,NONE,semantic-test-fixtures,Regra-AlocacaoUsuario-Violacao,ex:AlocacaoUsuarioShape,RESERVED_POOL
CASE-RESERVAATIVO-V-01,NONE,NONE,NONE,semantic-test-fixtures,Regra-ReservaAtivo-Conforme,ex:ReservaAtivoShape,RESERVED_POOL
CASE-RESERVAATIVO-INV-01,NONE,NONE,NONE,semantic-test-fixtures,Regra-ReservaAtivo-Violacao,ex:ReservaAtivoShape,RESERVED_POOL
CASE-RESERVAATIVO-V-02,NONE,NONE,NONE,semantic-test-fixtures,Regra-ReservaAtivo-Conforme,ex:ReservaAtivoShape,RESERVED_POOL
CASE-RESERVAATIVO-INV-02,NONE,NONE,NONE,semantic-test-fixtures,Regra-ReservaAtivo-Violacao,ex:ReservaAtivoShape,RESERVED_POOL
CASE-RESERVAATIVO-V-03,NONE,NONE,NONE,semantic-test-fixtures,Regra-ReservaAtivo-Conforme,ex:ReservaAtivoShape,RESERVED_POOL
CASE-RESERVAATIVO-INV-03,NONE,NONE,NONE,semantic-test-fixtures,Regra-ReservaAtivo-Violacao,ex:ReservaAtivoShape,RESERVED_POOL
CASE-RESERVAATIVO-V-04,NONE,NONE,NONE,semantic-test-fixtures,Regra-ReservaAtivo-Conforme,ex:ReservaAtivoShape,RESERVED_POOL
CASE-RESERVAATIVO-INV-04,NONE,NONE,NONE,semantic-test-fixtures,Regra-ReservaAtivo-Violacao,ex:ReservaAtivoShape,RESERVED_POOL
CASE-RESERVAATIVO-V-05,NONE,NONE,NONE,semantic-test-fixtures,Regra-ReservaAtivo-Conforme,ex:ReservaAtivoShape,RESERVED_POOL
CASE-RESERVAATIVO-INV-05,NONE,NONE,NONE,semantic-test-fixtures,Regra-ReservaAtivo-Violacao,ex:ReservaAtivoShape,RESERVED_POOL
CASE-RESERVAATIVO-V-06,NONE,NONE,NONE,semantic-test-fixtures,Regra-ReservaAtivo-Conforme,ex:ReservaAtivoShape,RESERVED_POOL
CASE-RESERVAATIVO-INV-06,NONE,NONE,NONE,semantic-test-fixtures,Regra-ReservaAtivo-Violacao,ex:ReservaAtivoShape,RESERVED_POOL
CASE-RESERVAATIVO-V-07,NONE,NONE,NONE,semantic-test-fixtures,Regra-ReservaAtivo-Conforme,ex:ReservaAtivoShape,RESERVED_POOL
CASE-RESERVAATIVO-INV-07,NONE,NONE,NONE,semantic-test-fixtures,Regra-ReservaAtivo-Violacao,ex:ReservaAtivoShape,RESERVED_POOL
CASE-RESERVAATIVO-V-08,NONE,NONE,NONE,semantic-test-fixtures,Regra-ReservaAtivo-Conforme,ex:ReservaAtivoShape,RESERVED_POOL
CASE-RESERVAATIVO-INV-08,NONE,NONE,NONE,semantic-test-fixtures,Regra-ReservaAtivo-Violacao,ex:ReservaAtivoShape,RESERVED_POOL
CASE-RESERVAATIVO-V-09,NONE,NONE,NONE,semantic-test-fixtures,Regra-ReservaAtivo-Conforme,ex:ReservaAtivoShape,RESERVED_POOL
CASE-RESERVAATIVO-INV-09,NONE,NONE,NONE,semantic-test-fixtures,Regra-ReservaAtivo-Violacao,ex:ReservaAtivoShape,RESERVED_POOL
CASE-RESERVAATIVO-V-10,NONE,NONE,NONE,semantic-test-fixtures,Regra-ReservaAtivo-Conforme,ex:ReservaAtivoShape,RESERVED_POOL
CASE-RESERVAATIVO-INV-10,NONE,NONE,NONE,semantic-test-fixtures,Regra-ReservaAtivo-Violacao,ex:ReservaAtivoShape,RESERVED_POOL
CASE-INICIOMANUTENCAO-V-01,NONE,NONE,NONE,semantic-test-fixtures,Regra-InicioManutencao-Conforme,ex:InicioManutencaoShape,RESERVED_POOL
CASE-INICIOMANUTENCAO-INV-01,NONE,NONE,NONE,semantic-test-fixtures,Regra-InicioManutencao-Violacao,ex:InicioManutencaoShape,RESERVED_POOL
CASE-INICIOMANUTENCAO-V-02,NONE,NONE,NONE,semantic-test-fixtures,Regra-InicioManutencao-Conforme,ex:InicioManutencaoShape,RESERVED_POOL
CASE-INICIOMANUTENCAO-INV-02,NONE,NONE,NONE,semantic-test-fixtures,Regra-InicioManutencao-Violacao,ex:InicioManutencaoShape,RESERVED_POOL
CASE-INICIOMANUTENCAO-V-03,NONE,NONE,NONE,semantic-test-fixtures,Regra-InicioManutencao-Conforme,ex:InicioManutencaoShape,RESERVED_POOL
CASE-INICIOMANUTENCAO-INV-03,NONE,NONE,NONE,semantic-test-fixtures,Regra-InicioManutencao-Violacao,ex:InicioManutencaoShape,RESERVED_POOL
CASE-INICIOMANUTENCAO-V-04,NONE,NONE,NONE,semantic-test-fixtures,Regra-InicioManutencao-Conforme,ex:InicioManutencaoShape,RESERVED_POOL
CASE-INICIOMANUTENCAO-INV-04,NONE,NONE,NONE,semantic-test-fixtures,Regra-InicioManutencao-Violacao,ex:InicioManutencaoShape,RESERVED_POOL
CASE-INICIOMANUTENCAO-V-05,NONE,NONE,NONE,semantic-test-fixtures,Regra-InicioManutencao-Conforme,ex:InicioManutencaoShape,RESERVED_POOL
CASE-INICIOMANUTENCAO-INV-05,NONE,NONE,NONE,semantic-test-fixtures,Regra-InicioManutencao-Violacao,ex:InicioManutencaoShape,RESERVED_POOL
CASE-INICIOMANUTENCAO-V-06,NONE,NONE,NONE,semantic-test-fixtures,Regra-InicioManutencao-Conforme,ex:InicioManutencaoShape,RESERVED_POOL
CASE-INICIOMANUTENCAO-INV-06,NONE,NONE,NONE,semantic-test-fixtures,Regra-InicioManutencao-Violacao,ex:InicioManutencaoShape,RESERVED_POOL
CASE-INICIOMANUTENCAO-V-07,NONE,NONE,NONE,semantic-test-fixtures,Regra-InicioManutencao-Conforme,ex:InicioManutencaoShape,RESERVED_POOL
CASE-INICIOMANUTENCAO-INV-07,NONE,NONE,NONE,semantic-test-fixtures,Regra-InicioManutencao-Violacao,ex:InicioManutencaoShape,RESERVED_POOL
CASE-INICIOMANUTENCAO-V-08,NONE,NONE,NONE,semantic-test-fixtures,Regra-InicioManutencao-Conforme,ex:InicioManutencaoShape,RESERVED_POOL
CASE-INICIOMANUTENCAO-INV-08,NONE,NONE,NONE,semantic-test-fixtures,Regra-InicioManutencao-Violacao,ex:InicioManutencaoShape,RESERVED_POOL
CASE-INICIOMANUTENCAO-V-09,NONE,NONE,NONE,semantic-test-fixtures,Regra-InicioManutencao-Conforme,ex:InicioManutencaoShape,RESERVED_POOL
CASE-INICIOMANUTENCAO-INV-09,NONE,NONE,NONE,semantic-test-fixtures,Regra-InicioManutencao-Violacao,ex:InicioManutencaoShape,RESERVED_POOL
CASE-INICIOMANUTENCAO-V-10,NONE,NONE,NONE,semantic-test-fixtures,Regra-InicioManutencao-Conforme,ex:InicioManutencaoShape,RESERVED_POOL
CASE-INICIOMANUTENCAO-INV-10,NONE,NONE,NONE,semantic-test-fixtures,Regra-InicioManutencao-Violacao,ex:InicioManutencaoShape,RESERVED_POOL
CASE-CONCLUSAOMANUTENCAO-V-01,NONE,NONE,NONE,semantic-test-fixtures,Regra-ConclusaoManutencao-Conforme,ex:ConclusaoManutencaoShape,RESERVED_POOL
CASE-CONCLUSAOMANUTENCAO-INV-01,NONE,NONE,NONE,semantic-test-fixtures,Regra-ConclusaoManutencao-Violacao,ex:ConclusaoManutencaoShape,RESERVED_POOL
CASE-CONCLUSAOMANUTENCAO-V-02,NONE,NONE,NONE,semantic-test-fixtures,Regra-ConclusaoManutencao-Conforme,ex:ConclusaoManutencaoShape,RESERVED_POOL
CASE-CONCLUSAOMANUTENCAO-INV-02,NONE,NONE,NONE,semantic-test-fixtures,Regra-ConclusaoManutencao-Violacao,ex:ConclusaoManutencaoShape,RESERVED_POOL
CASE-CONCLUSAOMANUTENCAO-V-03,NONE,NONE,NONE,semantic-test-fixtures,Regra-ConclusaoManutencao-Conforme,ex:ConclusaoManutencaoShape,RESERVED_POOL
CASE-CONCLUSAOMANUTENCAO-INV-03,NONE,NONE,NONE,semantic-test-fixtures,Regra-ConclusaoManutencao-Violacao,ex:ConclusaoManutencaoShape,RESERVED_POOL
CASE-CONCLUSAOMANUTENCAO-V-04,NONE,NONE,NONE,semantic-test-fixtures,Regra-ConclusaoManutencao-Conforme,ex:ConclusaoManutencaoShape,RESERVED_POOL
CASE-CONCLUSAOMANUTENCAO-INV-04,NONE,NONE,NONE,semantic-test-fixtures,Regra-ConclusaoManutencao-Violacao,ex:ConclusaoManutencaoShape,RESERVED_POOL
CASE-CONCLUSAOMANUTENCAO-V-05,NONE,NONE,NONE,semantic-test-fixtures,Regra-ConclusaoManutencao-Conforme,ex:ConclusaoManutencaoShape,RESERVED_POOL
CASE-CONCLUSAOMANUTENCAO-INV-05,NONE,NONE,NONE,semantic-test-fixtures,Regra-ConclusaoManutencao-Violacao,ex:ConclusaoManutencaoShape,RESERVED_POOL
CASE-CONCLUSAOMANUTENCAO-V-06,NONE,NONE,NONE,semantic-test-fixtures,Regra-ConclusaoManutencao-Conforme,ex:ConclusaoManutencaoShape,RESERVED_POOL
CASE-CONCLUSAOMANUTENCAO-INV-06,NONE,NONE,NONE,semantic-test-fixtures,Regra-ConclusaoManutencao-Violacao,ex:ConclusaoManutencaoShape,RESERVED_POOL
CASE-CONCLUSAOMANUTENCAO-V-07,NONE,NONE,NONE,semantic-test-fixtures,Regra-ConclusaoManutencao-Conforme,ex:ConclusaoManutencaoShape,RESERVED_POOL
CASE-CONCLUSAOMANUTENCAO-INV-07,NONE,NONE,NONE,semantic-test-fixtures,Regra-ConclusaoManutencao-Violacao,ex:ConclusaoManutencaoShape,RESERVED_POOL
CASE-CONCLUSAOMANUTENCAO-V-08,NONE,NONE,NONE,semantic-test-fixtures,Regra-ConclusaoManutencao-Conforme,ex:ConclusaoManutencaoShape,RESERVED_POOL
CASE-CONCLUSAOMANUTENCAO-INV-08,NONE,NONE,NONE,semantic-test-fixtures,Regra-ConclusaoManutencao-Violacao,ex:ConclusaoManutencaoShape,RESERVED_POOL
CASE-CONCLUSAOMANUTENCAO-V-09,NONE,NONE,NONE,semantic-test-fixtures,Regra-ConclusaoManutencao-Conforme,ex:ConclusaoManutencaoShape,RESERVED_POOL
CASE-CONCLUSAOMANUTENCAO-INV-09,NONE,NONE,NONE,semantic-test-fixtures,Regra-ConclusaoManutencao-Violacao,ex:ConclusaoManutencaoShape,RESERVED_POOL
CASE-CONCLUSAOMANUTENCAO-V-10,NONE,NONE,NONE,semantic-test-fixtures,Regra-ConclusaoManutencao-Conforme,ex:ConclusaoManutencaoShape,RESERVED_POOL
CASE-CONCLUSAOMANUTENCAO-INV-10,NONE,NONE,NONE,semantic-test-fixtures,Regra-ConclusaoManutencao-Violacao,ex:ConclusaoManutencaoShape,RESERVED_POOL
CASE-ENVIOATIVO-V-01,NONE,NONE,NONE,semantic-test-fixtures,Regra-EnvioAtivo-Conforme,ex:EnvioAtivoShape,RESERVED_POOL
CASE-ENVIOATIVO-INV-01,NONE,NONE,NONE,semantic-test-fixtures,Regra-EnvioAtivo-Violacao,ex:EnvioAtivoShape,RESERVED_POOL
CASE-ENVIOATIVO-V-02,NONE,NONE,NONE,semantic-test-fixtures,Regra-EnvioAtivo-Conforme,ex:EnvioAtivoShape,RESERVED_POOL
CASE-ENVIOATIVO-INV-02,NONE,NONE,NONE,semantic-test-fixtures,Regra-EnvioAtivo-Violacao,ex:EnvioAtivoShape,RESERVED_POOL
CASE-ENVIOATIVO-V-03,NONE,NONE,NONE,semantic-test-fixtures,Regra-EnvioAtivo-Conforme,ex:EnvioAtivoShape,RESERVED_POOL
CASE-ENVIOATIVO-INV-03,NONE,NONE,NONE,semantic-test-fixtures,Regra-EnvioAtivo-Violacao,ex:EnvioAtivoShape,RESERVED_POOL
CASE-ENVIOATIVO-V-04,NONE,NONE,NONE,semantic-test-fixtures,Regra-EnvioAtivo-Conforme,ex:EnvioAtivoShape,RESERVED_POOL
CASE-ENVIOATIVO-INV-04,NONE,NONE,NONE,semantic-test-fixtures,Regra-EnvioAtivo-Violacao,ex:EnvioAtivoShape,RESERVED_POOL
CASE-ENVIOATIVO-V-05,NONE,NONE,NONE,semantic-test-fixtures,Regra-EnvioAtivo-Conforme,ex:EnvioAtivoShape,RESERVED_POOL
CASE-ENVIOATIVO-INV-05,NONE,NONE,NONE,semantic-test-fixtures,Regra-EnvioAtivo-Violacao,ex:EnvioAtivoShape,RESERVED_POOL
CASE-ENVIOATIVO-V-06,NONE,NONE,NONE,semantic-test-fixtures,Regra-EnvioAtivo-Conforme,ex:EnvioAtivoShape,RESERVED_POOL
CASE-ENVIOATIVO-INV-06,NONE,NONE,NONE,semantic-test-fixtures,Regra-EnvioAtivo-Violacao,ex:EnvioAtivoShape,RESERVED_POOL
CASE-ENVIOATIVO-V-07,NONE,NONE,NONE,semantic-test-fixtures,Regra-EnvioAtivo-Conforme,ex:EnvioAtivoShape,RESERVED_POOL
CASE-ENVIOATIVO-INV-07,NONE,NONE,NONE,semantic-test-fixtures,Regra-EnvioAtivo-Violacao,ex:EnvioAtivoShape,RESERVED_POOL
CASE-ENVIOATIVO-V-08,NONE,NONE,NONE,semantic-test-fixtures,Regra-EnvioAtivo-Conforme,ex:EnvioAtivoShape,RESERVED_POOL
CASE-ENVIOATIVO-INV-08,NONE,NONE,NONE,semantic-test-fixtures,Regra-EnvioAtivo-Violacao,ex:EnvioAtivoShape,RESERVED_POOL
CASE-ENVIOATIVO-V-09,NONE,NONE,NONE,semantic-test-fixtures,Regra-EnvioAtivo-Conforme,ex:EnvioAtivoShape,RESERVED_POOL
CASE-ENVIOATIVO-INV-09,NONE,NONE,NONE,semantic-test-fixtures,Regra-EnvioAtivo-Violacao,ex:EnvioAtivoShape,RESERVED_POOL
CASE-ENVIOATIVO-V-10,NONE,NONE,NONE,semantic-test-fixtures,Regra-EnvioAtivo-Conforme,ex:EnvioAtivoShape,RESERVED_POOL
CASE-ENVIOATIVO-INV-10,NONE,NONE,NONE,semantic-test-fixtures,Regra-EnvioAtivo-Violacao,ex:EnvioAtivoShape,RESERVED_POOL
CASE-RECEBIMENTOATIVO-V-01,NONE,NONE,NONE,semantic-test-fixtures,Regra-RecebimentoAtivo-Conforme,ex:RecebimentoAtivoShape,RESERVED_POOL
CASE-RECEBIMENTOATIVO-INV-01,NONE,NONE,NONE,semantic-test-fixtures,Regra-RecebimentoAtivo-Violacao,ex:RecebimentoAtivoShape,RESERVED_POOL
CASE-RECEBIMENTOATIVO-V-02,NONE,NONE,NONE,semantic-test-fixtures,Regra-RecebimentoAtivo-Conforme,ex:RecebimentoAtivoShape,RESERVED_POOL
CASE-RECEBIMENTOATIVO-INV-02,NONE,NONE,NONE,semantic-test-fixtures,Regra-RecebimentoAtivo-Violacao,ex:RecebimentoAtivoShape,RESERVED_POOL
CASE-RECEBIMENTOATIVO-V-03,NONE,NONE,NONE,semantic-test-fixtures,Regra-RecebimentoAtivo-Conforme,ex:RecebimentoAtivoShape,RESERVED_POOL
CASE-RECEBIMENTOATIVO-INV-03,NONE,NONE,NONE,semantic-test-fixtures,Regra-RecebimentoAtivo-Violacao,ex:RecebimentoAtivoShape,RESERVED_POOL
CASE-RECEBIMENTOATIVO-V-04,NONE,NONE,NONE,semantic-test-fixtures,Regra-RecebimentoAtivo-Conforme,ex:RecebimentoAtivoShape,RESERVED_POOL
CASE-RECEBIMENTOATIVO-INV-04,NONE,NONE,NONE,semantic-test-fixtures,Regra-RecebimentoAtivo-Violacao,ex:RecebimentoAtivoShape,RESERVED_POOL
CASE-RECEBIMENTOATIVO-V-05,NONE,NONE,NONE,semantic-test-fixtures,Regra-RecebimentoAtivo-Conforme,ex:RecebimentoAtivoShape,RESERVED_POOL
CASE-RECEBIMENTOATIVO-INV-05,NONE,NONE,NONE,semantic-test-fixtures,Regra-RecebimentoAtivo-Violacao,ex:RecebimentoAtivoShape,RESERVED_POOL
CASE-RECEBIMENTOATIVO-V-06,NONE,NONE,NONE,semantic-test-fixtures,Regra-RecebimentoAtivo-Conforme,ex:RecebimentoAtivoShape,RESERVED_POOL
CASE-RECEBIMENTOATIVO-INV-06,NONE,NONE,NONE,semantic-test-fixtures,Regra-RecebimentoAtivo-Violacao,ex:RecebimentoAtivoShape,RESERVED_POOL
CASE-RECEBIMENTOATIVO-V-07,NONE,NONE,NONE,semantic-test-fixtures,Regra-RecebimentoAtivo-Conforme,ex:RecebimentoAtivoShape,RESERVED_POOL
CASE-RECEBIMENTOATIVO-INV-07,NONE,NONE,NONE,semantic-test-fixtures,Regra-RecebimentoAtivo-Violacao,ex:RecebimentoAtivoShape,RESERVED_POOL
CASE-RECEBIMENTOATIVO-V-08,NONE,NONE,NONE,semantic-test-fixtures,Regra-RecebimentoAtivo-Conforme,ex:RecebimentoAtivoShape,RESERVED_POOL
CASE-RECEBIMENTOATIVO-INV-08,NONE,NONE,NONE,semantic-test-fixtures,Regra-RecebimentoAtivo-Violacao,ex:RecebimentoAtivoShape,RESERVED_POOL
CASE-RECEBIMENTOATIVO-V-09,NONE,NONE,NONE,semantic-test-fixtures,Regra-RecebimentoAtivo-Conforme,ex:RecebimentoAtivoShape,RESERVED_POOL
CASE-RECEBIMENTOATIVO-INV-09,NONE,NONE,NONE,semantic-test-fixtures,Regra-RecebimentoAtivo-Violacao,ex:RecebimentoAtivoShape,RESERVED_POOL
CASE-RECEBIMENTOATIVO-V-10,NONE,NONE,NONE,semantic-test-fixtures,Regra-RecebimentoAtivo-Conforme,ex:RecebimentoAtivoShape,RESERVED_POOL
CASE-RECEBIMENTOATIVO-INV-10,NONE,NONE,NONE,semantic-test-fixtures,Regra-RecebimentoAtivo-Violacao,ex:RecebimentoAtivoShape,RESERVED_POOL
CASE-REGISTROEXTRAVIO-V-01,NONE,NONE,NONE,semantic-test-fixtures,Regra-RegistroExtravio-Conforme,ex:RegistroExtravioShape,RESERVED_POOL
CASE-REGISTROEXTRAVIO-INV-01,NONE,NONE,NONE,semantic-test-fixtures,Regra-RegistroExtravio-Violacao,ex:RegistroExtravioShape,RESERVED_POOL
CASE-REGISTROEXTRAVIO-V-02,NONE,NONE,NONE,semantic-test-fixtures,Regra-RegistroExtravio-Conforme,ex:RegistroExtravioShape,RESERVED_POOL
CASE-REGISTROEXTRAVIO-INV-02,NONE,NONE,NONE,semantic-test-fixtures,Regra-RegistroExtravio-Violacao,ex:RegistroExtravioShape,RESERVED_POOL
CASE-REGISTROEXTRAVIO-V-03,NONE,NONE,NONE,semantic-test-fixtures,Regra-RegistroExtravio-Conforme,ex:RegistroExtravioShape,RESERVED_POOL
CASE-REGISTROEXTRAVIO-INV-03,NONE,NONE,NONE,semantic-test-fixtures,Regra-RegistroExtravio-Violacao,ex:RegistroExtravioShape,RESERVED_POOL
CASE-REGISTROEXTRAVIO-V-04,NONE,NONE,NONE,semantic-test-fixtures,Regra-RegistroExtravio-Conforme,ex:RegistroExtravioShape,RESERVED_POOL
CASE-REGISTROEXTRAVIO-INV-04,NONE,NONE,NONE,semantic-test-fixtures,Regra-RegistroExtravio-Violacao,ex:RegistroExtravioShape,RESERVED_POOL
CASE-REGISTROEXTRAVIO-V-05,NONE,NONE,NONE,semantic-test-fixtures,Regra-RegistroExtravio-Conforme,ex:RegistroExtravioShape,RESERVED_POOL
CASE-REGISTROEXTRAVIO-INV-05,NONE,NONE,NONE,semantic-test-fixtures,Regra-RegistroExtravio-Violacao,ex:RegistroExtravioShape,RESERVED_POOL
CASE-REGISTROEXTRAVIO-V-06,NONE,NONE,NONE,semantic-test-fixtures,Regra-RegistroExtravio-Conforme,ex:RegistroExtravioShape,RESERVED_POOL
CASE-REGISTROEXTRAVIO-INV-06,NONE,NONE,NONE,semantic-test-fixtures,Regra-RegistroExtravio-Violacao,ex:RegistroExtravioShape,RESERVED_POOL
CASE-REGISTROEXTRAVIO-V-07,NONE,NONE,NONE,semantic-test-fixtures,Regra-RegistroExtravio-Conforme,ex:RegistroExtravioShape,RESERVED_POOL
CASE-REGISTROEXTRAVIO-INV-07,NONE,NONE,NONE,semantic-test-fixtures,Regra-RegistroExtravio-Violacao,ex:RegistroExtravioShape,RESERVED_POOL
CASE-REGISTROEXTRAVIO-V-08,NONE,NONE,NONE,semantic-test-fixtures,Regra-RegistroExtravio-Conforme,ex:RegistroExtravioShape,RESERVED_POOL
CASE-REGISTROEXTRAVIO-INV-08,NONE,NONE,NONE,semantic-test-fixtures,Regra-RegistroExtravio-Violacao,ex:RegistroExtravioShape,RESERVED_POOL
CASE-REGISTROEXTRAVIO-V-09,NONE,NONE,NONE,semantic-test-fixtures,Regra-RegistroExtravio-Conforme,ex:RegistroExtravioShape,RESERVED_POOL
CASE-REGISTROEXTRAVIO-INV-09,NONE,NONE,NONE,semantic-test-fixtures,Regra-RegistroExtravio-Violacao,ex:RegistroExtravioShape,RESERVED_POOL
CASE-REGISTROEXTRAVIO-V-10,NONE,NONE,NONE,semantic-test-fixtures,Regra-RegistroExtravio-Conforme,ex:RegistroExtravioShape,RESERVED_POOL
CASE-REGISTROEXTRAVIO-INV-10,NONE,NONE,NONE,semantic-test-fixtures,Regra-RegistroExtravio-Violacao,ex:RegistroExtravioShape,RESERVED_POOL
CASE-RECUPERACAOATIVO-V-01,NONE,NONE,NONE,semantic-test-fixtures,Regra-RecuperacaoAtivo-Conforme,ex:RecuperacaoAtivoShape,RESERVED_POOL
CASE-RECUPERACAOATIVO-INV-01,NONE,NONE,NONE,semantic-test-fixtures,Regra-RecuperacaoAtivo-Violacao,ex:RecuperacaoAtivoShape,RESERVED_POOL
CASE-RECUPERACAOATIVO-V-02,NONE,NONE,NONE,semantic-test-fixtures,Regra-RecuperacaoAtivo-Conforme,ex:RecuperacaoAtivoShape,RESERVED_POOL
CASE-RECUPERACAOATIVO-INV-02,NONE,NONE,NONE,semantic-test-fixtures,Regra-RecuperacaoAtivo-Violacao,ex:RecuperacaoAtivoShape,RESERVED_POOL
CASE-RECUPERACAOATIVO-V-03,NONE,NONE,NONE,semantic-test-fixtures,Regra-RecuperacaoAtivo-Conforme,ex:RecuperacaoAtivoShape,RESERVED_POOL
CASE-RECUPERACAOATIVO-INV-03,NONE,NONE,NONE,semantic-test-fixtures,Regra-RecuperacaoAtivo-Violacao,ex:RecuperacaoAtivoShape,RESERVED_POOL
CASE-RECUPERACAOATIVO-V-04,NONE,NONE,NONE,semantic-test-fixtures,Regra-RecuperacaoAtivo-Conforme,ex:RecuperacaoAtivoShape,RESERVED_POOL
CASE-RECUPERACAOATIVO-INV-04,NONE,NONE,NONE,semantic-test-fixtures,Regra-RecuperacaoAtivo-Violacao,ex:RecuperacaoAtivoShape,RESERVED_POOL
CASE-RECUPERACAOATIVO-V-05,NONE,NONE,NONE,semantic-test-fixtures,Regra-RecuperacaoAtivo-Conforme,ex:RecuperacaoAtivoShape,RESERVED_POOL
CASE-RECUPERACAOATIVO-INV-05,NONE,NONE,NONE,semantic-test-fixtures,Regra-RecuperacaoAtivo-Violacao,ex:RecuperacaoAtivoShape,RESERVED_POOL
CASE-RECUPERACAOATIVO-V-06,NONE,NONE,NONE,semantic-test-fixtures,Regra-RecuperacaoAtivo-Conforme,ex:RecuperacaoAtivoShape,RESERVED_POOL
CASE-RECUPERACAOATIVO-INV-06,NONE,NONE,NONE,semantic-test-fixtures,Regra-RecuperacaoAtivo-Violacao,ex:RecuperacaoAtivoShape,RESERVED_POOL
CASE-RECUPERACAOATIVO-V-07,NONE,NONE,NONE,semantic-test-fixtures,Regra-RecuperacaoAtivo-Conforme,ex:RecuperacaoAtivoShape,RESERVED_POOL
CASE-RECUPERACAOATIVO-INV-07,NONE,NONE,NONE,semantic-test-fixtures,Regra-RecuperacaoAtivo-Violacao,ex:RecuperacaoAtivoShape,RESERVED_POOL
CASE-RECUPERACAOATIVO-V-08,NONE,NONE,NONE,semantic-test-fixtures,Regra-RecuperacaoAtivo-Conforme,ex:RecuperacaoAtivoShape,RESERVED_POOL
CASE-RECUPERACAOATIVO-INV-08,NONE,NONE,NONE,semantic-test-fixtures,Regra-RecuperacaoAtivo-Violacao,ex:RecuperacaoAtivoShape,RESERVED_POOL
CASE-RECUPERACAOATIVO-V-09,NONE,NONE,NONE,semantic-test-fixtures,Regra-RecuperacaoAtivo-Conforme,ex:RecuperacaoAtivoShape,RESERVED_POOL
CASE-RECUPERACAOATIVO-INV-09,NONE,NONE,NONE,semantic-test-fixtures,Regra-RecuperacaoAtivo-Violacao,ex:RecuperacaoAtivoShape,RESERVED_POOL
CASE-RECUPERACAOATIVO-V-10,NONE,NONE,NONE,semantic-test-fixtures,Regra-RecuperacaoAtivo-Conforme,ex:RecuperacaoAtivoShape,RESERVED_POOL
CASE-RECUPERACAOATIVO-INV-10,NONE,NONE,NONE,semantic-test-fixtures,Regra-RecuperacaoAtivo-Violacao,ex:RecuperacaoAtivoShape,RESERVED_POOL
