taskId,taskType,tokensA,tokensD,nonCachedTokensA,nonCachedTokensD,durationA,durationD,classificationA,classificationD,differenceTokens,percentageDifference,costFactor,eligibleForTokenAnalysis,eligibleForGovernanceAnalysis,exclusionReason
V1,violadora,9500.0,2000.0,7500.0,1200.0,22.0,8.0,ALTERACAO_INCORRETA,BLOQUEIO_CORRETO,-7500.0,-78.94736842105263,0.21052631578947367,True,True,
V2,violadora,9500.0,2000.0,7500.0,1200.0,22.0,8.0,ALTERACAO_INCORRETA,BLOQUEIO_CORRETO,-7500.0,-78.94736842105263,0.21052631578947367,True,True,
V3,violadora,9500.0,2000.0,7500.0,1200.0,22.0,8.0,ALTERACAO_INCORRETA,BLOQUEIO_CORRETO,-7500.0,-78.94736842105263,0.21052631578947367,True,True,
V4,violadora,9500.0,2000.0,7500.0,1200.0,22.0,8.0,ALTERACAO_INCORRETA,BLOQUEIO_CORRETO,-7500.0,-78.94736842105263,0.21052631578947367,True,True,
V5,violadora,9500.0,2000.0,7500.0,1200.0,22.0,8.0,ALTERACAO_INCORRETA,BLOQUEIO_CORRETO,-7500.0,-78.94736842105263,0.21052631578947367,True,True,
G1,valida_governada,9500.0,10800.0,7500.0,8300.0,22.0,28.0,ALTERACAO_CORRETA,ALTERACAO_CORRETA,1300.0,13.684210526315791,1.1368421052631579,True,True,
G2,valida_governada,9500.0,10800.0,7500.0,8300.0,22.0,28.0,ALTERACAO_CORRETA,ALTERACAO_CORRETA,1300.0,13.684210526315791,1.1368421052631579,True,True,
G3,valida_governada,9500.0,9700.0,7500.0,7700.0,22.0,20.0,ALTERACAO_CORRETA,REVISAO_HUMANA,200.0,2.1052631578947367,1.0210526315789474,True,True,
U1,fora_conhecimento,9500.0,9600.0,7500.0,7500.0,22.0,23.0,ALTERACAO_CORRETA,ALTERACAO_CORRETA,100.0,1.0526315789473684,1.0105263157894737,True,True,
I1,indeterminada,9500.0,9400.0,7500.0,7400.0,22.0,21.0,ALTERACAO_CORRETA,INDETERMINADO,-100.0,-1.0526315789473684,0.9894736842105263,True,True,
